2026-07-18 17:26:37,467 | INFO     | === Phase 3: Video Data Augmentation Subsystem ===
2026-07-18 17:26:37,468 | INFO     | Input directory: C:\Users\kamle\OneDrive\Desktop\MediSign-AI\SOS
2026-07-18 17:26:37,468 | INFO     | Output directory: C:\Users\kamle\OneDrive\Desktop\MediSign-AI\SOS_Augmented
2026-07-18 17:26:37,629 | INFO     | Found 624 original videos across 6 classes.
2026-07-18 17:26:37,631 | INFO     | Initializing MediaPipe HandLandmarker from C:\Users\kamle\OneDrive\Desktop\MediSign-AI\emergency\models\hand_landmarker.task
2026-07-18 17:26:43,231 | INFO     | MediaPipe HandLandmarker loaded successfully.
2026-07-18 17:26:43,231 | INFO     | --- RUNNING IN SAMPLE-ONLY VERIFICATION MODE ---
2026-07-18 17:26:43,232 | INFO     | Selected sample video for validation: C:\Users\kamle\OneDrive\Desktop\MediSign-AI\SOS\accident\accident012_02.avi
2026-07-18 17:26:47,463 | INFO     | ❌ Rejected augmented video accident012_02_aug_01.avi: Excessive blur (laplacian var 9.5 < limit 15.0)
2026-07-18 17:26:49,129 | INFO     | Sample augmentation verification completed. Written report to: C:\Users\kamle\OneDrive\Desktop\MediSign-AI\AUGMENTATION_REPORT.md
2026-07-18 17:29:01,256 | INFO     | === Phase 3: Video Data Augmentation Subsystem ===
2026-07-18 17:29:01,256 | INFO     | Input directory: C:\Users\kamle\OneDrive\Desktop\MediSign-AI\SOS
2026-07-18 17:29:01,257 | INFO     | Output directory: C:\Users\kamle\OneDrive\Desktop\MediSign-AI\SOS_Augmented
2026-07-18 17:29:01,358 | INFO     | Found 624 original videos across 6 classes.
2026-07-18 17:29:01,359 | INFO     | Initializing MediaPipe HandLandmarker from C:\Users\kamle\OneDrive\Desktop\MediSign-AI\emergency\models\hand_landmarker.task
2026-07-18 17:29:02,319 | INFO     | MediaPipe HandLandmarker loaded successfully.
2026-07-18 17:29:02,320 | INFO     | --- RUNNING IN SAMPLE-ONLY VERIFICATION MODE ---
2026-07-18 17:29:02,320 | INFO     | Selected sample video for validation: C:\Users\kamle\OneDrive\Desktop\MediSign-AI\SOS\pain\pain001_01.avi
2026-07-18 17:29:05,738 | INFO     | [OK] Created augmented video pain001_01_aug_01.avi (blur=40.5, exp=97.0, mp_rate=100.0%)
2026-07-18 17:29:16,484 | INFO     | Sample augmentation verification completed. Written report to: C:\Users\kamle\OneDrive\Desktop\MediSign-AI\AUGMENTATION_REPORT.md
2026-07-18 17:35:21,422 | INFO     | === Phase 3: Video Data Augmentation Subsystem ===
2026-07-18 17:35:21,422 | INFO     | Input directory: C:\Users\kamle\OneDrive\Desktop\MediSign-AI\SOS
2026-07-18 17:35:21,423 | INFO     | Output directory: C:\Users\kamle\OneDrive\Desktop\MediSign-AI\SOS_Augmented
2026-07-18 17:35:21,524 | INFO     | Found 624 original videos across 6 classes.
2026-07-18 17:35:21,524 | INFO     | Initializing MediaPipe HandLandmarker from C:\Users\kamle\OneDrive\Desktop\MediSign-AI\emergency\models\hand_landmarker.task
2026-07-18 17:35:22,487 | INFO     | MediaPipe HandLandmarker loaded successfully.
2026-07-18 17:35:22,487 | INFO     | Starting batch processing of full dataset.
2026-07-18 17:35:22,488 | INFO     | Total augmentation tasks scheduled: 1872 variations.
2026-07-18 17:35:42,453 | INFO     | [REJECT] Rejected augmented video accident002_02_aug_01.avi: Excessive blur (laplacian var 4.5 < limit 15.0)
2026-07-18 17:35:44,207 | INFO     | [REJECT] Rejected augmented video accident001_02_aug_03.avi: Excessive blur (laplacian var 5.2 < limit 15.0)
2026-07-18 17:35:44,208 | INFO     | [REJECT] Rejected augmented video accident001_02_aug_01.avi: Excessive blur (laplacian var 14.6 < limit 15.0)
2026-07-18 17:35:45,615 | INFO     | [OK] Created augmented video accident001_01_aug_01.avi (blur=107.6, exp=98.9, mp_rate=100.0%)
2026-07-18 17:35:45,686 | INFO     | [OK] Created augmented video accident001_01_aug_03.avi (blur=65.1, exp=97.8, mp_rate=100.0%)
2026-07-18 17:35:46,020 | INFO     | [REJECT] Rejected augmented video accident001_02_aug_02.avi: Hand detection rate 21.2% below threshold 80.0%
2026-07-18 17:35:46,805 | INFO     | [REJECT] Rejected augmented video accident002_01_aug_01.avi: Excessive blur (laplacian var 10.6 < limit 15.0)
2026-07-18 17:35:46,883 | INFO     | [OK] Created augmented video accident001_01_aug_02.avi (blur=266.7, exp=88.7, mp_rate=100.0%)
2026-07-18 17:35:47,084 | INFO     | [REJECT] Rejected augmented video accident002_01_aug_02.avi: Hand detection rate 75.0% below threshold 80.0%
2026-07-18 17:35:50,461 | INFO     | [REJECT] Rejected augmented video accident002_01_aug_03.avi: Hand detection rate 0.0% below threshold 80.0%
2026-07-18 17:35:58,482 | INFO     | [REJECT] Rejected augmented video accident002_02_aug_03.avi: Excessive blur (laplacian var 14.9 < limit 15.0)
2026-07-18 17:35:59,362 | INFO     | [REJECT] Rejected augmented video accident002_02_aug_02.avi: Hand detection rate 1.7% below threshold 80.0%
2026-07-18 17:36:01,233 | INFO     | [REJECT] Rejected augmented video accident004_01_aug_01.avi: Excessive blur (laplacian var 9.2 < limit 15.0)
2026-07-18 17:36:02,424 | INFO     | [REJECT] Rejected augmented video accident003_01_aug_01.avi: Excessive blur (laplacian var 7.5 < limit 15.0)
2026-07-18 17:36:03,505 | INFO     | [REJECT] Rejected augmented video accident003_01_aug_02.avi: Excessive blur (laplacian var 10.3 < limit 15.0)
2026-07-18 17:36:03,593 | INFO     | [REJECT] Rejected augmented video accident003_01_aug_03.avi: Hand detection rate 0.0% below threshold 80.0%
2026-07-18 17:36:04,110 | INFO     | [REJECT] Rejected augmented video accident003_02_aug_01.avi: Hand detection rate 1.3% below threshold 80.0%
2026-07-18 17:36:04,994 | INFO     | [REJECT] Rejected augmented video accident003_02_aug_02.avi: Excessive blur (laplacian var 8.6 < limit 15.0)
2026-07-18 17:36:05,085 | INFO     | [REJECT] Rejected augmented video accident004_01_aug_02.avi: Excessive blur (laplacian var 13.1 < limit 15.0)
2026-07-18 17:36:05,085 | INFO     | [REJECT] Rejected augmented video accident003_02_aug_03.avi: Excessive blur (laplacian var 4.5 < limit 15.0)
2026-07-18 17:36:16,389 | INFO     | [REJECT] Rejected augmented video accident004_01_aug_03.avi: Hand detection rate 13.3% below threshold 80.0%
2026-07-18 17:36:18,250 | INFO     | [REJECT] Rejected augmented video accident004_02_aug_01.avi: Excessive blur (laplacian var 10.3 < limit 15.0)
2026-07-18 17:36:20,452 | INFO     | [REJECT] Rejected augmented video accident005_01_aug_02.avi: Excessive blur (laplacian var 8.3 < limit 15.0)
2026-07-18 17:36:22,110 | INFO     | [REJECT] Rejected augmented video accident004_02_aug_03.avi: Hand detection rate 46.5% below threshold 80.0%
2026-07-18 17:36:22,181 | INFO     | [REJECT] Rejected augmented video accident005_02_aug_01.avi: Hand detection rate 62.3% below threshold 80.0%
2026-07-18 17:36:22,278 | INFO     | [REJECT] Rejected augmented video accident005_02_aug_02.avi: Excessive blur (laplacian var 8.1 < limit 15.0)
2026-07-18 17:36:22,280 | INFO     | [REJECT] Rejected augmented video accident005_02_aug_03.avi: Excessive blur (laplacian var 6.5 < limit 15.0)
2026-07-18 17:36:22,646 | INFO     | [REJECT] Rejected augmented video accident005_01_aug_01.avi: Hand detection rate 37.7% below threshold 80.0%
2026-07-18 17:36:23,279 | INFO     | [OK] Created augmented video accident005_01_aug_03.avi (blur=60.1, exp=60.1, mp_rate=91.8%)
2026-07-18 17:36:24,213 | INFO     | [REJECT] Rejected augmented video accident004_02_aug_02.avi: Hand detection rate 2.8% below threshold 80.0%
2026-07-18 17:36:36,109 | INFO     | [OK] Created augmented video accident006_01_aug_02.avi (blur=15.4, exp=136.5, mp_rate=100.0%)
2026-07-18 17:36:36,705 | INFO     | [OK] Created augmented video accident006_01_aug_01.avi (blur=682.6, exp=63.2, mp_rate=100.0%)
2026-07-18 17:36:38,269 | INFO     | [OK] Created augmented video accident006_01_aug_03.avi (blur=158.7, exp=85.3, mp_rate=100.0%)
2026-07-18 17:36:42,087 | INFO     | [REJECT] Rejected augmented video accident007_01_aug_01.avi: Excessive blur (laplacian var 2.8 < limit 15.0)
2026-07-18 17:36:43,477 | INFO     | [REJECT] Rejected augmented video accident007_02_aug_01.avi: Hand detection rate 74.6% below threshold 80.0%
2026-07-18 17:36:44,756 | INFO     | [REJECT] Rejected augmented video accident006_02_aug_02.avi: Hand detection rate 52.0% below threshold 80.0%
2026-07-18 17:36:45,200 | INFO     | [REJECT] Rejected augmented video accident006_02_aug_03.avi: Excessive blur (laplacian var 9.5 < limit 15.0)
2026-07-18 17:36:45,700 | INFO     | [REJECT] Rejected augmented video accident007_01_aug_03.avi: Hand detection rate 0.0% below threshold 80.0%
2026-07-18 17:36:46,027 | INFO     | [OK] Created augmented video accident007_01_aug_02.avi (blur=387.4, exp=74.0, mp_rate=98.5%)
2026-07-18 17:36:49,358 | INFO     | [OK] Created augmented video accident006_02_aug_01.avi (blur=3599.0, exp=79.6, mp_rate=96.0%)
2026-07-18 17:36:58,416 | INFO     | [OK] Created augmented video accident007_02_aug_02.avi (blur=52.9, exp=75.6, mp_rate=100.0%)
2026-07-18 17:36:58,762 | INFO     | [OK] Created augmented video accident007_02_aug_03.avi (blur=145.9, exp=96.1, mp_rate=96.8%)
2026-07-18 17:37:03,595 | INFO     | [REJECT] Rejected augmented video accident008_01_aug_01.avi: Excessive blur (laplacian var 5.3 < limit 15.0)
2026-07-18 17:37:07,777 | INFO     | [OK] Created augmented video accident008_02_aug_01.avi (blur=15.8, exp=94.9, mp_rate=84.9%)
2026-07-18 17:37:08,559 | INFO     | [OK] Created augmented video accident008_01_aug_03.avi (blur=15.2, exp=75.1, mp_rate=100.0%)
2026-07-18 17:37:09,257 | INFO     | [OK] Created augmented video accident008_01_aug_02.avi (blur=263.8, exp=122.3, mp_rate=100.0%)
2026-07-18 17:37:09,837 | INFO     | [REJECT] Rejected augmented video accident008_02_aug_02.avi: Underexposure (mean luma 33.7 < limit 35.0)
2026-07-18 17:37:10,232 | INFO     | [REJECT] Rejected augmented video accident008_02_aug_03.avi: Hand detection rate 30.1% below threshold 80.0%
2026-07-18 17:37:10,964 | INFO     | [REJECT] Rejected augmented video accident009_01_aug_01.avi: Hand detection rate 75.6% below threshold 80.0%
2026-07-18 17:37:15,160 | INFO     | [REJECT] Rejected augmented video accident009_01_aug_02.avi: Hand detection rate 69.5% below threshold 80.0%
2026-07-18 17:37:22,930 | INFO     | [OK] Created augmented video accident009_02_aug_01.avi (blur=15.6, exp=89.0, mp_rate=92.6%)
2026-07-18 17:37:23,634 | INFO     | [REJECT] Rejected augmented video accident009_01_aug_03.avi: Underexposure (mean luma 32.8 < limit 35.0)
2026-07-18 17:37:24,456 | INFO     | [REJECT] Rejected augmented video accident010_01_aug_02.avi: Excessive blur (laplacian var 9.5 < limit 15.0)
2026-07-18 17:37:26,008 | INFO     | [REJECT] Rejected augmented video accident009_02_aug_02.avi: Excessive blur (laplacian var 8.0 < limit 15.0)
2026-07-18 17:37:29,803 | INFO     | [REJECT] Rejected augmented video accident010_01_aug_01.avi: Hand detection rate 59.4% below threshold 80.0%
2026-07-18 17:37:30,862 | INFO     | [REJECT] Rejected augmented video accident010_02_aug_01.avi: Hand detection rate 14.5% below threshold 80.0%
2026-07-18 17:37:31,048 | INFO     | [REJECT] Rejected augmented video accident010_01_aug_03.avi: Hand detection rate 78.3% below threshold 80.0%
2026-07-18 17:37:31,765 | INFO     | [REJECT] Rejected augmented video accident010_02_aug_02.avi: Hand detection rate 7.2% below threshold 80.0%
2026-07-18 17:37:38,147 | INFO     | [REJECT] Rejected augmented video accident009_02_aug_03.avi: Hand detection rate 1.1% below threshold 80.0%
2026-07-18 17:37:40,393 | INFO     | [REJECT] Rejected augmented video accident010_02_aug_03.avi: Hand detection rate 69.6% below threshold 80.0%
2026-07-18 17:37:44,257 | INFO     | [OK] Created augmented video accident011_01_aug_02.avi (blur=15.9, exp=98.6, mp_rate=100.0%)
2026-07-18 17:37:45,365 | INFO     | [OK] Created augmented video accident011_01_aug_03.avi (blur=21.5, exp=86.4, mp_rate=100.0%)
2026-07-18 17:37:49,324 | INFO     | [OK] Created augmented video accident011_02_aug_01.avi (blur=520.4, exp=97.5, mp_rate=93.2%)
2026-07-18 17:37:51,281 | INFO     | [OK] Created augmented video accident011_02_aug_02.avi (blur=43.9, exp=102.4, mp_rate=95.9%)
2026-07-18 17:37:52,530 | INFO     | [REJECT] Rejected augmented video accident011_02_aug_03.avi: Hand detection rate 78.4% below threshold 80.0%
2026-07-18 17:37:52,804 | INFO     | [REJECT] Rejected augmented video accident011_01_aug_01.avi: Hand detection rate 6.4% below threshold 80.0%
2026-07-18 17:37:57,973 | INFO     | [OK] Created augmented video accident012_02_aug_01.avi (blur=242.8, exp=83.6, mp_rate=90.7%)
2026-07-18 17:37:59,948 | INFO     | [OK] Created augmented video accident012_01_aug_02.avi (blur=15.6, exp=87.5, mp_rate=100.0%)
2026-07-18 17:38:00,843 | INFO     | [REJECT] Rejected augmented video accident012_02_aug_03.avi: Excessive blur (laplacian var 4.4 < limit 15.0)
2026-07-18 17:38:02,174 | INFO     | [REJECT] Rejected augmented video accident012_02_aug_02.avi: Hand detection rate 25.9% below threshold 80.0%
2026-07-18 17:38:05,468 | INFO     | [REJECT] Rejected augmented video accident012_01_aug_03.avi: Excessive blur (laplacian var 9.5 < limit 15.0)
2026-07-18 17:38:06,441 | INFO     | [REJECT] Rejected augmented video accident012_01_aug_01.avi: Hand detection rate 7.2% below threshold 80.0%
2026-07-18 17:38:15,671 | INFO     | [OK] Created augmented video accident013_01_aug_01.avi (blur=628.0, exp=106.2, mp_rate=100.0%)
2026-07-18 17:38:15,752 | INFO     | [REJECT] Rejected augmented video accident013_02_aug_01.avi: Hand detection rate 78.9% below threshold 80.0%
2026-07-18 17:38:17,030 | INFO     | [OK] Created augmented video accident013_02_aug_02.avi (blur=26.8, exp=105.4, mp_rate=100.0%)
2026-07-18 17:38:17,761 | INFO     | [REJECT] Rejected augmented video accident013_01_aug_02.avi: Hand detection rate 78.8% below threshold 80.0%
2026-07-18 17:38:17,892 | INFO     | [OK] Created augmented video accident013_01_aug_03.avi (blur=509.4, exp=77.4, mp_rate=100.0%)
2026-07-18 17:38:21,451 | INFO     | [REJECT] Rejected augmented video accident014_01_aug_01.avi: Hand detection rate 36.8% below threshold 80.0%
2026-07-18 17:38:23,164 | INFO     | [OK] Created augmented video accident014_01_aug_02.avi (blur=65.9, exp=97.3, mp_rate=100.0%)
2026-07-18 17:38:23,449 | INFO     | [REJECT] Rejected augmented video accident013_02_aug_03.avi: Hand detection rate 71.8% below threshold 80.0%
2026-07-18 17:38:24,515 | INFO     | [REJECT] Rejected augmented video accident014_02_aug_01.avi: Hand detection rate 18.2% below threshold 80.0%
2026-07-18 17:38:26,904 | INFO     | [REJECT] Rejected augmented video accident014_01_aug_03.avi: Hand detection rate 51.3% below threshold 80.0%
2026-07-18 17:38:31,386 | INFO     | [OK] Created augmented video accident014_02_aug_02.avi (blur=33.7, exp=95.7, mp_rate=85.5%)
2026-07-18 17:38:31,411 | INFO     | [REJECT] Rejected augmented video accident014_02_aug_03.avi: Excessive blur (laplacian var 13.2 < limit 15.0)
2026-07-18 17:38:36,396 | INFO     | [REJECT] Rejected augmented video accident015_01_aug_01.avi: Excessive blur (laplacian var 8.8 < limit 15.0)
2026-07-18 17:38:37,050 | INFO     | [REJECT] Rejected augmented video accident015_01_aug_02.avi: Hand detection rate 42.9% below threshold 80.0%
2026-07-18 17:38:37,273 | INFO     | [OK] Created augmented video accident015_01_aug_03.avi (blur=54.0, exp=92.3, mp_rate=100.0%)
2026-07-18 17:38:41,531 | INFO     | [OK] Created augmented video accident015_02_aug_01.avi (blur=117.4, exp=93.0, mp_rate=100.0%)
2026-07-18 17:38:42,156 | INFO     | [REJECT] Rejected augmented video accident015_02_aug_03.avi: Excessive blur (laplacian var 10.7 < limit 15.0)
2026-07-18 17:38:43,292 | INFO     | [REJECT] Rejected augmented video accident016_01_aug_01.avi: Hand detection rate 35.2% below threshold 80.0%
2026-07-18 17:38:44,634 | INFO     | [OK] Created augmented video accident015_02_aug_02.avi (blur=2036.8, exp=127.0, mp_rate=97.1%)
2026-07-18 17:38:47,103 | INFO     | [REJECT] Rejected augmented video accident016_01_aug_02.avi: Hand detection rate 14.1% below threshold 80.0%
2026-07-18 17:38:48,475 | INFO     | [REJECT] Rejected augmented video accident016_01_aug_03.avi: Hand detection rate 46.5% below threshold 80.0%
2026-07-18 17:38:52,860 | INFO     | [REJECT] Rejected augmented video accident016_02_aug_02.avi: Hand detection rate 71.1% below threshold 80.0%
2026-07-18 17:38:53,207 | INFO     | [REJECT] Rejected augmented video accident016_02_aug_03.avi: Excessive blur (laplacian var 4.5 < limit 15.0)
2026-07-18 17:38:53,346 | INFO     | [REJECT] Rejected augmented video accident016_02_aug_01.avi: Hand detection rate 75.0% below threshold 80.0%
2026-07-18 17:38:55,878 | INFO     | [REJECT] Rejected augmented video accident017_01_aug_02.avi: Excessive blur (laplacian var 8.7 < limit 15.0)
2026-07-18 17:38:56,139 | INFO     | [REJECT] Rejected augmented video accident017_02_aug_02.avi: Hand detection rate 0.0% below threshold 80.0%
2026-07-18 17:39:00,537 | INFO     | [REJECT] Rejected augmented video accident017_01_aug_03.avi: Hand detection rate 7.8% below threshold 80.0%
2026-07-18 17:39:00,619 | INFO     | [REJECT] Rejected augmented video accident017_01_aug_01.avi: Hand detection rate 0.0% below threshold 80.0%
2026-07-18 17:39:00,762 | INFO     | [REJECT] Rejected augmented video accident017_02_aug_01.avi: Hand detection rate 0.0% below threshold 80.0%
2026-07-18 17:39:05,064 | INFO     | [REJECT] Rejected augmented video accident017_02_aug_03.avi: Hand detection rate 0.0% below threshold 80.0%
2026-07-18 17:39:06,484 | INFO     | [REJECT] Rejected augmented video accident018_01_aug_02.avi: Hand detection rate 67.6% below threshold 80.0%
2026-07-18 17:39:07,317 | INFO     | [REJECT] Rejected augmented video accident018_01_aug_01.avi: Hand detection rate 11.8% below threshold 80.0%
2026-07-18 17:39:10,106 | INFO     | [REJECT] Rejected augmented video accident018_02_aug_02.avi: Excessive blur (laplacian var 3.4 < limit 15.0)
2026-07-18 17:39:10,317 | INFO     | [REJECT] Rejected augmented video accident018_02_aug_01.avi: Hand detection rate 33.9% below threshold 80.0%
2026-07-18 17:39:12,467 | INFO     | [REJECT] Rejected augmented video accident018_01_aug_03.avi: Hand detection rate 51.5% below threshold 80.0%
2026-07-18 17:39:12,854 | INFO     | [REJECT] Rejected augmented video accident018_02_aug_03.avi: Hand detection rate 79.7% below threshold 80.0%
2026-07-18 17:39:19,380 | INFO     | [REJECT] Rejected augmented video accident019_01_aug_02.avi: Excessive blur (laplacian var 10.2 < limit 15.0)
2026-07-18 17:39:19,794 | INFO     | [OK] Created augmented video accident019_01_aug_03.avi (blur=16.7, exp=75.7, mp_rate=90.4%)
2026-07-18 17:39:22,613 | INFO     | [REJECT] Rejected augmented video accident019_01_aug_01.avi: Underexposure (mean luma 20.8 < limit 35.0)
2026-07-18 17:39:26,139 | INFO     | [REJECT] Rejected augmented video accident020_01_aug_01.avi: Excessive blur (laplacian var 12.1 < limit 15.0)
2026-07-18 17:39:28,541 | INFO     | [REJECT] Rejected augmented video accident019_02_aug_02.avi: Excessive blur (laplacian var 7.3 < limit 15.0)
2026-07-18 17:39:29,244 | INFO     | [REJECT] Rejected augmented video accident020_01_aug_03.avi: Excessive blur (laplacian var 10.7 < limit 15.0)
2026-07-18 17:39:30,153 | INFO     | [REJECT] Rejected augmented video accident020_01_aug_02.avi: Hand detection rate 36.2% below threshold 80.0%
2026-07-18 17:39:30,289 | INFO     | [OK] Created augmented video accident020_02_aug_01.avi (blur=49.2, exp=111.5, mp_rate=100.0%)
2026-07-18 17:39:30,339 | INFO     | [REJECT] Rejected augmented video accident019_02_aug_01.avi: Hand detection rate 51.2% below threshold 80.0%
2026-07-18 17:39:35,816 | INFO     | [OK] Created augmented video accident020_02_aug_02.avi (blur=16.1, exp=140.5, mp_rate=100.0%)
2026-07-18 17:39:36,253 | INFO     | [REJECT] Rejected augmented video accident020_02_aug_03.avi: Excessive blur (laplacian var 5.3 < limit 15.0)
2026-07-18 17:39:38,383 | INFO     | [REJECT] Rejected augmented video accident019_02_aug_03.avi: Hand detection rate 52.5% below threshold 80.0%
2026-07-18 17:39:47,071 | INFO     | [OK] Created augmented video accident021_01_aug_01.avi (blur=47.8, exp=86.7, mp_rate=91.0%)
2026-07-18 17:39:53,438 | INFO     | [REJECT] Rejected augmented video accident021_01_aug_03.avi: Excessive blur (laplacian var 5.3 < limit 15.0)
2026-07-18 17:39:53,805 | INFO     | [OK] Created augmented video accident022_02_aug_01.avi (blur=27.6, exp=75.7, mp_rate=100.0%)
2026-07-18 17:39:55,037 | INFO     | [OK] Created augmented video accident021_02_aug_03.avi (blur=102.7, exp=105.5, mp_rate=96.2%)
2026-07-18 17:39:55,121 | INFO     | [REJECT] Rejected augmented video accident021_02_aug_02.avi: Excessive blur (laplacian var 5.1 < limit 15.0)
2026-07-18 17:39:56,553 | INFO     | [REJECT] Rejected augmented video accident021_01_aug_02.avi: Hand detection rate 0.0% below threshold 80.0%
2026-07-18 17:39:57,449 | INFO     | [OK] Created augmented video accident022_01_aug_01.avi (blur=287.8, exp=69.7, mp_rate=92.4%)
2026-07-18 17:39:57,883 | INFO     | [OK] Created augmented video accident021_02_aug_01.avi (blur=1914.0, exp=109.3, mp_rate=100.0%)
2026-07-18 17:40:00,419 | INFO     | [REJECT] Rejected augmented video accident022_01_aug_02.avi: Excessive blur (laplacian var 11.8 < limit 15.0)
2026-07-18 17:40:01,885 | INFO     | [REJECT] Rejected augmented video accident022_02_aug_02.avi: Excessive blur (laplacian var 9.7 < limit 15.0)
2026-07-18 17:40:03,489 | INFO     | [OK] Created augmented video accident022_01_aug_03.avi (blur=42.9, exp=77.9, mp_rate=100.0%)
2026-07-18 17:40:10,456 | INFO     | [REJECT] Rejected augmented video accident022_02_aug_03.avi: Hand detection rate 62.5% below threshold 80.0%
2026-07-18 17:40:16,084 | INFO     | [REJECT] Rejected augmented video accident023_02_aug_01.avi: Excessive blur (laplacian var 4.3 < limit 15.0)
2026-07-18 17:40:16,152 | INFO     | [REJECT] Rejected augmented video accident023_01_aug_03.avi: Excessive blur (laplacian var 5.5 < limit 15.0)
2026-07-18 17:40:16,194 | INFO     | [OK] Created augmented video accident023_01_aug_02.avi (blur=35.9, exp=49.4, mp_rate=100.0%)
2026-07-18 17:40:17,065 | INFO     | [OK] Created augmented video accident023_02_aug_02.avi (blur=25.2, exp=86.9, mp_rate=100.0%)
2026-07-18 17:40:17,599 | INFO     | [OK] Created augmented video accident023_01_aug_01.avi (blur=816.8, exp=117.8, mp_rate=90.6%)
2026-07-18 17:40:18,808 | INFO     | [OK] Created augmented video accident023_02_aug_03.avi (blur=566.9, exp=115.4, mp_rate=100.0%)
2026-07-18 17:40:19,964 | INFO     | [REJECT] Rejected augmented video accident024_01_aug_01.avi: Excessive blur (laplacian var 4.7 < limit 15.0)
2026-07-18 17:40:23,078 | INFO     | [OK] Created augmented video accident024_01_aug_03.avi (blur=46.0, exp=87.1, mp_rate=100.0%)
2026-07-18 17:40:23,561 | INFO     | [OK] Created augmented video accident024_01_aug_02.avi (blur=1284.8, exp=65.2, mp_rate=98.3%)
2026-07-18 17:40:33,186 | INFO     | [OK] Created augmented video accident024_02_aug_01.avi (blur=1536.4, exp=68.3, mp_rate=100.0%)
2026-07-18 17:40:34,299 | INFO     | [REJECT] Rejected augmented video accident025_01_aug_03.avi: Excessive blur (laplacian var 7.4 < limit 15.0)
2026-07-18 17:40:34,376 | INFO     | [REJECT] Rejected augmented video accident024_02_aug_02.avi: Excessive blur (laplacian var 3.3 < limit 15.0)
2026-07-18 17:40:34,428 | INFO     | [OK] Created augmented video accident024_02_aug_03.avi (blur=16.1, exp=65.4, mp_rate=100.0%)
2026-07-18 17:40:35,637 | INFO     | [REJECT] Rejected augmented video accident025_01_aug_01.avi: Hand detection rate 38.2% below threshold 80.0%
2026-07-18 17:40:38,134 | INFO     | [REJECT] Rejected augmented video accident025_01_aug_02.avi: Hand detection rate 47.3% below threshold 80.0%
2026-07-18 17:40:39,163 | INFO     | [REJECT] Rejected augmented video accident025_02_aug_02.avi: Excessive blur (laplacian var 5.3 < limit 15.0)
2026-07-18 17:40:43,606 | INFO     | [OK] Created augmented video accident025_02_aug_01.avi (blur=1429.6, exp=91.5, mp_rate=100.0%)
2026-07-18 17:40:47,114 | INFO     | [OK] Created augmented video accident025_02_aug_03.avi (blur=2737.9, exp=120.0, mp_rate=95.2%)
2026-07-18 17:40:47,879 | INFO     | [OK] Created augmented video accident026_01_aug_01.avi (blur=498.7, exp=101.4, mp_rate=91.0%)
2026-07-18 17:40:56,565 | INFO     | [REJECT] Rejected augmented video accident026_01_aug_02.avi: Excessive blur (laplacian var 4.3 < limit 15.0)
2026-07-18 17:40:57,779 | INFO     | [OK] Created augmented video accident026_01_aug_03.avi (blur=58.1, exp=101.7, mp_rate=100.0%)
2026-07-18 17:41:02,966 | INFO     | [REJECT] Rejected augmented video accident026_02_aug_01.avi: Excessive blur (laplacian var 11.5 < limit 15.0)
2026-07-18 17:41:03,131 | INFO     | [REJECT] Rejected augmented video accident026_02_aug_02.avi: Excessive blur (laplacian var 4.1 < limit 15.0)
2026-07-18 17:41:04,191 | INFO     | [REJECT] Rejected augmented video accident026_02_aug_03.avi: Hand detection rate 73.8% below threshold 80.0%
2026-07-18 17:41:05,561 | INFO     | [OK] Created augmented video accident_001_01_aug_01.avi (blur=43.9, exp=113.6, mp_rate=100.0%)
2026-07-18 17:41:10,653 | INFO     | [OK] Created augmented video accident_001_01_aug_03.avi (blur=33.7, exp=106.0, mp_rate=100.0%)
2026-07-18 17:41:14,389 | INFO     | [OK] Created augmented video accident_001_02_aug_02.avi (blur=36.6, exp=119.4, mp_rate=100.0%)
2026-07-18 17:41:21,806 | INFO     | [REJECT] Rejected augmented video accident_002_02_aug_02.avi: Excessive blur (laplacian var 9.6 < limit 15.0)
2026-07-18 17:41:22,714 | INFO     | [OK] Created augmented video accident_002_01_aug_01.avi (blur=48.7, exp=122.6, mp_rate=100.0%)
2026-07-18 17:41:25,043 | INFO     | [OK] Created augmented video accident_002_02_aug_03.avi (blur=34.0, exp=94.2, mp_rate=100.0%)
2026-07-18 17:41:25,976 | INFO     | [OK] Created augmented video accident_001_02_aug_01.avi (blur=256.8, exp=144.6, mp_rate=100.0%)
2026-07-18 17:41:27,639 | INFO     | [REJECT] Rejected augmented video accident_001_01_aug_02.avi: Hand detection rate 62.9% below threshold 80.0%
2026-07-18 17:41:35,796 | INFO     | [REJECT] Rejected augmented video accident_003_01_aug_01.avi: Hand detection rate 46.8% below threshold 80.0%
2026-07-18 17:41:37,595 | INFO     | [REJECT] Rejected augmented video accident_002_02_aug_01.avi: Hand detection rate 76.7% below threshold 80.0%
2026-07-18 17:41:43,083 | INFO     | [OK] Created augmented video accident_003_01_aug_03.avi (blur=19.7, exp=116.7, mp_rate=97.4%)
2026-07-18 17:41:45,432 | INFO     | [OK] Created augmented video accident_002_01_aug_03.avi (blur=92.4, exp=125.8, mp_rate=100.0%)
2026-07-18 17:41:48,530 | INFO     | [OK] Created augmented video accident_003_02_aug_03.avi (blur=27.4, exp=126.6, mp_rate=100.0%)
2026-07-18 17:41:48,618 | INFO     | [OK] Created augmented video accident_003_02_aug_01.avi (blur=93.0, exp=112.6, mp_rate=98.7%)
2026-07-18 17:41:48,699 | INFO     | [OK] Created augmented video accident_003_02_aug_02.avi (blur=40.1, exp=114.9, mp_rate=98.7%)
2026-07-18 17:41:58,612 | INFO     | [OK] Created augmented video accident_001_02_aug_03.avi (blur=2168.8, exp=158.9, mp_rate=89.4%)
2026-07-18 17:41:58,660 | INFO     | [OK] Created augmented video accident_004_01_aug_03.avi (blur=61.3, exp=118.3, mp_rate=95.0%)
2026-07-18 17:42:00,027 | INFO     | [OK] Created augmented video accident_002_01_aug_02.avi (blur=1422.9, exp=95.7, mp_rate=98.7%)
2026-07-18 17:42:03,745 | INFO     | [REJECT] Rejected augmented video accident_005_01_aug_01.avi: Excessive blur (laplacian var 9.1 < limit 15.0)
2026-07-18 17:42:03,839 | INFO     | [REJECT] Rejected augmented video accident_003_01_aug_02.avi: Hand detection rate 29.9% below threshold 80.0%
2026-07-18 17:42:05,897 | INFO     | [REJECT] Rejected augmented video accident_004_02_aug_01.avi: Excessive blur (laplacian var 11.9 < limit 15.0)
2026-07-18 17:42:07,806 | INFO     | [REJECT] Rejected augmented video accident_004_02_aug_03.avi: Hand detection rate 56.3% below threshold 80.0%
2026-07-18 17:42:10,027 | INFO     | [OK] Created augmented video accident_004_01_aug_02.avi (blur=129.3, exp=110.2, mp_rate=100.0%)
2026-07-18 17:42:15,846 | INFO     | [REJECT] Rejected augmented video accident_005_01_aug_03.avi: Excessive blur (laplacian var 10.5 < limit 15.0)
2026-07-18 17:42:16,593 | INFO     | [REJECT] Rejected augmented video accident_004_01_aug_01.avi: Hand detection rate 18.3% below threshold 80.0%
2026-07-18 17:42:21,359 | INFO     | [OK] Created augmented video accident_005_02_aug_01.avi (blur=45.3, exp=125.0, mp_rate=100.0%)
2026-07-18 17:42:24,785 | INFO     | [OK] Created augmented video accident_005_02_aug_03.avi (blur=18.7, exp=128.5, mp_rate=100.0%)
2026-07-18 17:42:27,167 | INFO     | [REJECT] Rejected augmented video accident_004_02_aug_02.avi: Hand detection rate 31.0% below threshold 80.0%
2026-07-18 17:42:29,461 | INFO     | [REJECT] Rejected augmented video accident_006_01_aug_02.avi: Excessive blur (laplacian var 8.0 < limit 15.0)
2026-07-18 17:42:31,571 | INFO     | [OK] Created augmented video accident_005_01_aug_02.avi (blur=704.2, exp=124.6, mp_rate=80.3%)
2026-07-18 17:42:35,858 | INFO     | [OK] Created augmented video accident_005_02_aug_02.avi (blur=149.2, exp=97.6, mp_rate=88.5%)
2026-07-18 17:42:38,163 | INFO     | [OK] Created augmented video accident_006_01_aug_01.avi (blur=121.4, exp=99.4, mp_rate=100.0%)
2026-07-18 17:42:41,968 | INFO     | [OK] Created augmented video accident_006_01_aug_03.avi (blur=717.1, exp=112.8, mp_rate=100.0%)
2026-07-18 17:42:44,320 | INFO     | [REJECT] Rejected augmented video accident_006_02_aug_01.avi: Excessive blur (laplacian var 9.2 < limit 15.0)
2026-07-18 17:42:45,212 | INFO     | [REJECT] Rejected augmented video accident_006_02_aug_02.avi: Excessive blur (laplacian var 11.4 < limit 15.0)
2026-07-18 17:42:50,146 | INFO     | [OK] Created augmented video accident_007_01_aug_01.avi (blur=66.9, exp=117.5, mp_rate=100.0%)
2026-07-18 17:42:50,318 | INFO     | [REJECT] Rejected augmented video accident_006_02_aug_03.avi: Excessive blur (laplacian var 8.7 < limit 15.0)
2026-07-18 17:42:50,821 | INFO     | [OK] Created augmented video accident_007_01_aug_02.avi (blur=50.9, exp=116.8, mp_rate=100.0%)
2026-07-18 17:42:54,125 | INFO     | [OK] Created augmented video accident_007_02_aug_01.avi (blur=36.6, exp=135.8, mp_rate=100.0%)
2026-07-18 17:43:07,087 | INFO     | [REJECT] Rejected augmented video accident_008_01_aug_01.avi: Excessive blur (laplacian var 5.1 < limit 15.0)
2026-07-18 17:43:10,040 | INFO     | [REJECT] Rejected augmented video accident_007_01_aug_03.avi: Hand detection rate 69.2% below threshold 80.0%
2026-07-18 17:43:12,151 | INFO     | [OK] Created augmented video accident_008_02_aug_03.avi (blur=57.7, exp=126.0, mp_rate=100.0%)
2026-07-18 17:43:12,607 | INFO     | [OK] Created augmented video accident_008_02_aug_02.avi (blur=24.2, exp=98.7, mp_rate=98.6%)
2026-07-18 17:43:16,470 | INFO     | [REJECT] Rejected augmented video accident_007_02_aug_02.avi: Hand detection rate 20.6% below threshold 80.0%
2026-07-18 17:43:17,787 | INFO     | [OK] Created augmented video accident_009_01_aug_01.avi (blur=66.7, exp=102.7, mp_rate=80.5%)
2026-07-18 17:43:19,502 | INFO     | [REJECT] Rejected augmented video accident_007_02_aug_03.avi: Hand detection rate 41.3% below threshold 80.0%
2026-07-18 17:43:28,623 | INFO     | [OK] Created augmented video accident_008_01_aug_02.avi (blur=168.6, exp=110.5, mp_rate=100.0%)
2026-07-18 17:43:29,630 | INFO     | [OK] Created augmented video accident_008_01_aug_03.avi (blur=30.8, exp=110.9, mp_rate=96.2%)
2026-07-18 17:43:33,561 | INFO     | [REJECT] Rejected augmented video accident_009_01_aug_02.avi: Excessive blur (laplacian var 13.8 < limit 15.0)
2026-07-18 17:43:36,754 | INFO     | [OK] Created augmented video accident_008_02_aug_01.avi (blur=1913.8, exp=130.2, mp_rate=95.9%)
2026-07-18 17:43:38,109 | INFO     | [OK] Created augmented video accident_010_01_aug_01.avi (blur=29.1, exp=56.5, mp_rate=100.0%)
2026-07-18 17:43:45,167 | INFO     | [REJECT] Rejected augmented video accident_009_02_aug_02.avi: Excessive blur (laplacian var 12.9 < limit 15.0)
2026-07-18 17:43:45,366 | INFO     | [REJECT] Rejected augmented video accident_009_02_aug_01.avi: Excessive blur (laplacian var 13.5 < limit 15.0)
2026-07-18 17:43:48,243 | INFO     | [OK] Created augmented video accident_010_01_aug_03.avi (blur=20.8, exp=101.0, mp_rate=100.0%)
2026-07-18 17:43:48,759 | INFO     | [REJECT] Rejected augmented video accident_009_02_aug_03.avi: Excessive blur (laplacian var 12.8 < limit 15.0)
2026-07-18 17:43:50,646 | INFO     | [REJECT] Rejected augmented video accident_010_01_aug_02.avi: Hand detection rate 3.4% below threshold 80.0%
2026-07-18 17:43:52,604 | INFO     | [REJECT] Rejected augmented video accident_010_02_aug_01.avi: Excessive blur (laplacian var 10.1 < limit 15.0)
2026-07-18 17:43:54,917 | INFO     | [REJECT] Rejected augmented video accident_009_01_aug_03.avi: Hand detection rate 9.8% below threshold 80.0%
2026-07-18 17:44:00,984 | INFO     | [OK] Created augmented video accident_010_03_aug_01.avi (blur=24.9, exp=101.2, mp_rate=100.0%)
2026-07-18 17:44:07,077 | INFO     | [OK] Created augmented video accident_010_02_aug_02.avi (blur=476.0, exp=98.8, mp_rate=100.0%)
2026-07-18 17:44:08,016 | INFO     | [OK] Created augmented video accident_010_03_aug_03.avi (blur=21.4, exp=95.1, mp_rate=100.0%)
2026-07-18 17:44:11,525 | INFO     | [OK] Created augmented video accident_010_02_aug_03.avi (blur=579.5, exp=102.3, mp_rate=100.0%)
2026-07-18 17:44:17,154 | INFO     | [OK] Created augmented video accident_011_01_aug_01.avi (blur=25.8, exp=135.8, mp_rate=100.0%)
2026-07-18 17:44:17,190 | INFO     | [REJECT] Rejected augmented video accident_011_01_aug_03.avi: Excessive blur (laplacian var 10.1 < limit 15.0)
2026-07-18 17:44:17,342 | INFO     | [OK] Created augmented video accident_011_01_aug_02.avi (blur=29.8, exp=138.7, mp_rate=100.0%)
2026-07-18 17:44:18,084 | INFO     | [OK] Created augmented video accident_011_02_aug_01.avi (blur=23.7, exp=161.6, mp_rate=100.0%)
2026-07-18 17:44:20,089 | INFO     | [REJECT] Rejected augmented video accident_010_03_aug_02.avi: Hand detection rate 68.1% below threshold 80.0%
2026-07-18 17:44:20,383 | INFO     | [REJECT] Rejected augmented video accident_011_02_aug_02.avi: Hand detection rate 56.8% below threshold 80.0%
2026-07-18 17:44:27,564 | INFO     | [REJECT] Rejected augmented video accident_011_02_aug_03.avi: Excessive blur (laplacian var 10.4 < limit 15.0)
2026-07-18 17:44:35,204 | INFO     | [REJECT] Rejected augmented video accident_012_02_aug_03.avi: Hand detection rate 40.7% below threshold 80.0%
2026-07-18 17:44:35,749 | INFO     | [OK] Created augmented video accident_012_02_aug_02.avi (blur=18.2, exp=116.9, mp_rate=96.3%)
2026-07-18 17:44:37,263 | INFO     | [REJECT] Rejected augmented video accident_012_01_aug_01.avi: Excessive blur (laplacian var 6.8 < limit 15.0)
2026-07-18 17:44:37,646 | INFO     | [OK] Created augmented video accident_012_02_aug_01.avi (blur=20.4, exp=103.6, mp_rate=100.0%)
2026-07-18 17:44:38,230 | INFO     | [REJECT] Rejected augmented video accident_012_01_aug_02.avi: Excessive blur (laplacian var 8.7 < limit 15.0)
2026-07-18 17:44:40,692 | INFO     | [REJECT] Rejected augmented video accident_012_01_aug_03.avi: Excessive blur (laplacian var 7.5 < limit 15.0)
2026-07-18 17:44:49,309 | INFO     | [OK] Created augmented video accident_013_01_aug_02.avi (blur=67.5, exp=133.4, mp_rate=100.0%)
2026-07-18 17:44:55,433 | INFO     | [OK] Created augmented video accident_013_02_aug_02.avi (blur=51.4, exp=100.0, mp_rate=100.0%)
2026-07-18 17:44:55,880 | INFO     | [REJECT] Rejected augmented video accident_014_02_aug_01.avi: Excessive blur (laplacian var 14.7 < limit 15.0)
2026-07-18 17:44:57,958 | INFO     | [REJECT] Rejected augmented video accident_014_01_aug_03.avi: Excessive blur (laplacian var 10.5 < limit 15.0)
2026-07-18 17:45:02,982 | INFO     | [REJECT] Rejected augmented video accident_014_02_aug_02.avi: Excessive blur (laplacian var 13.0 < limit 15.0)
2026-07-18 17:45:04,383 | INFO     | [OK] Created augmented video accident_013_01_aug_03.avi (blur=465.7, exp=116.6, mp_rate=100.0%)
2026-07-18 17:45:11,192 | INFO     | [REJECT] Rejected augmented video accident_013_01_aug_01.avi: Hand detection rate 7.5% below threshold 80.0%
2026-07-18 17:45:11,398 | INFO     | [REJECT] Rejected augmented video accident_015_01_aug_02.avi: Excessive blur (laplacian var 8.7 < limit 15.0)
2026-07-18 17:45:17,552 | INFO     | [OK] Created augmented video accident_015_01_aug_03.avi (blur=35.6, exp=133.1, mp_rate=100.0%)
2026-07-18 17:45:19,434 | INFO     | [OK] Created augmented video accident_013_02_aug_01.avi (blur=234.8, exp=115.2, mp_rate=98.6%)
2026-07-18 17:45:21,126 | INFO     | [REJECT] Rejected augmented video accident_016_01_aug_01.avi: Excessive blur (laplacian var 5.9 < limit 15.0)
2026-07-18 17:45:24,564 | INFO     | [OK] Created augmented video accident_014_01_aug_02.avi (blur=112.1, exp=67.2, mp_rate=100.0%)
2026-07-18 17:45:24,870 | INFO     | [OK] Created augmented video accident_016_01_aug_02.avi (blur=18.8, exp=60.2, mp_rate=100.0%)
2026-07-18 17:45:31,282 | INFO     | [OK] Created augmented video accident_014_02_aug_03.avi (blur=117.3, exp=94.8, mp_rate=100.0%)
2026-07-18 17:45:32,287 | INFO     | [OK] Created augmented video accident_016_02_aug_03.avi (blur=18.7, exp=90.1, mp_rate=100.0%)
2026-07-18 17:45:34,365 | INFO     | [OK] Created augmented video accident_017_01_aug_01.avi (blur=17.2, exp=53.7, mp_rate=98.7%)
2026-07-18 17:45:36,386 | INFO     | [OK] Created augmented video accident_013_02_aug_03.avi (blur=631.9, exp=113.1, mp_rate=100.0%)
2026-07-18 17:45:42,078 | INFO     | [REJECT] Rejected augmented video accident_017_02_aug_03.avi: Hand detection rate 75.0% below threshold 80.0%
2026-07-18 17:45:46,430 | INFO     | [REJECT] Rejected augmented video accident_014_01_aug_01.avi: Hand detection rate 28.9% below threshold 80.0%
2026-07-18 17:45:51,623 | INFO     | [OK] Created augmented video accident_018_01_aug_01.avi (blur=20.8, exp=97.6, mp_rate=100.0%)
2026-07-18 17:45:54,383 | INFO     | [OK] Created augmented video accident_018_01_aug_02.avi (blur=87.6, exp=97.9, mp_rate=100.0%)
2026-07-18 17:45:59,947 | INFO     | [REJECT] Rejected augmented video accident_018_02_aug_01.avi: Excessive blur (laplacian var 11.2 < limit 15.0)
2026-07-18 17:46:04,769 | INFO     | [OK] Created augmented video accident_016_01_aug_03.avi (blur=432.5, exp=84.9, mp_rate=100.0%)
2026-07-18 17:46:11,392 | INFO     | [OK] Created augmented video accident_018_02_aug_03.avi (blur=42.1, exp=77.9, mp_rate=100.0%)
2026-07-18 17:46:14,651 | INFO     | [REJECT] Rejected augmented video accident_017_02_aug_01.avi: Hand detection rate 31.2% below threshold 80.0%
2026-07-18 17:46:18,325 | INFO     | [OK] Created augmented video accident_019_01_aug_01.avi (blur=16.9, exp=84.0, mp_rate=93.2%)
2026-07-18 17:46:24,326 | INFO     | [REJECT] Rejected augmented video accident_019_01_aug_02.avi: Excessive blur (laplacian var 14.6 < limit 15.0)
2026-07-18 17:46:26,108 | INFO     | [OK] Created augmented video accident_019_01_aug_03.avi (blur=19.1, exp=87.3, mp_rate=91.8%)
2026-07-18 17:46:30,293 | INFO     | [REJECT] Rejected augmented video accident_019_02_aug_01.avi: Hand detection rate 70.0% below threshold 80.0%
2026-07-18 17:46:39,470 | INFO     | [REJECT] Rejected augmented video accident_016_02_aug_01.avi: Hand detection rate 47.4% below threshold 80.0%
2026-07-18 17:46:43,464 | INFO     | [OK] Created augmented video accident_015_01_aug_01.avi (blur=670.1, exp=108.4, mp_rate=100.0%)
2026-07-18 17:46:45,278 | INFO     | [REJECT] Rejected augmented video accident_017_02_aug_02.avi: Hand detection rate 0.0% below threshold 80.0%
2026-07-18 17:46:49,784 | INFO     | [REJECT] Rejected augmented video accident_017_01_aug_02.avi: Hand detection rate 0.0% below threshold 80.0%
2026-07-18 17:46:50,446 | INFO     | [OK] Created augmented video accident_020_01_aug_01.avi (blur=42.5, exp=134.1, mp_rate=100.0%)
2026-07-18 17:46:57,543 | INFO     | [OK] Created augmented video accident_020_01_aug_02.avi (blur=21.3, exp=123.3, mp_rate=100.0%)
2026-07-18 17:46:58,102 | INFO     | [OK] Created augmented video accident_020_01_aug_03.avi (blur=32.1, exp=125.7, mp_rate=100.0%)
2026-07-18 17:47:00,588 | INFO     | [OK] Created augmented video accident_018_02_aug_02.avi (blur=1628.2, exp=119.9, mp_rate=98.3%)
2026-07-18 17:47:01,768 | INFO     | [OK] Created augmented video accident_018_01_aug_03.avi (blur=1148.1, exp=99.2, mp_rate=100.0%)
2026-07-18 17:47:03,858 | INFO     | [REJECT] Rejected augmented video accident_020_02_aug_01.avi: Excessive blur (laplacian var 13.1 < limit 15.0)
2026-07-18 17:47:04,466 | INFO     | [OK] Created augmented video accident_020_02_aug_02.avi (blur=49.2, exp=184.3, mp_rate=100.0%)
2026-07-18 17:47:10,350 | INFO     | [REJECT] Rejected augmented video accident_016_02_aug_02.avi: Hand detection rate 61.8% below threshold 80.0%
2026-07-18 17:47:12,589 | INFO     | [OK] Created augmented video accident_020_02_aug_03.avi (blur=15.8, exp=146.1, mp_rate=100.0%)
2026-07-18 17:47:16,720 | INFO     | [REJECT] Rejected augmented video accident_017_01_aug_03.avi: Hand detection rate 0.0% below threshold 80.0%
2026-07-18 17:47:17,245 | INFO     | [REJECT] Rejected augmented video accident_019_02_aug_03.avi: Hand detection rate 67.5% below threshold 80.0%
2026-07-18 17:47:22,206 | INFO     | [REJECT] Rejected augmented video accident_021_01_aug_01.avi: Hand detection rate 73.1% below threshold 80.0%
2026-07-18 17:47:24,720 | INFO     | [OK] Created augmented video accident_021_01_aug_03.avi (blur=87.8, exp=113.3, mp_rate=100.0%)
2026-07-18 17:47:26,962 | INFO     | [REJECT] Rejected augmented video accident_019_02_aug_02.avi: Hand detection rate 62.5% below threshold 80.0%
2026-07-18 17:47:27,485 | INFO     | [OK] Created augmented video accident_021_02_aug_01.avi (blur=25.5, exp=111.0, mp_rate=97.4%)
2026-07-18 17:47:27,652 | INFO     | [OK] Created augmented video accident_021_02_aug_02.avi (blur=66.4, exp=117.4, mp_rate=84.6%)
2026-07-18 17:47:38,131 | INFO     | [OK] Created augmented video accident_022_02_aug_01.avi (blur=25.6, exp=104.6, mp_rate=100.0%)
2026-07-18 17:47:38,423 | INFO     | [OK] Created augmented video accident_022_01_aug_01.avi (blur=33.6, exp=105.1, mp_rate=87.3%)
2026-07-18 17:47:40,317 | INFO     | [OK] Created augmented video accident_021_01_aug_02.avi (blur=87.5, exp=108.6, mp_rate=100.0%)
2026-07-18 17:47:42,408 | INFO     | [REJECT] Rejected augmented video accident_022_01_aug_02.avi: Excessive blur (laplacian var 5.7 < limit 15.0)
2026-07-18 17:47:42,457 | INFO     | [OK] Created augmented video accident_022_02_aug_02.avi (blur=32.5, exp=77.3, mp_rate=97.9%)
2026-07-18 17:47:42,922 | INFO     | [REJECT] Rejected augmented video accident_022_02_aug_03.avi: Excessive blur (laplacian var 4.9 < limit 15.0)
2026-07-18 17:47:43,091 | INFO     | [OK] Created augmented video accident_022_01_aug_03.avi (blur=32.0, exp=83.2, mp_rate=98.7%)
2026-07-18 17:47:49,511 | INFO     | [OK] Created augmented video accident_021_02_aug_03.avi (blur=419.5, exp=97.4, mp_rate=100.0%)
2026-07-18 17:47:51,171 | INFO     | [OK] Created augmented video accident_023_01_aug_01.avi (blur=24.4, exp=142.0, mp_rate=100.0%)
2026-07-18 17:48:01,763 | INFO     | [OK] Created augmented video accident_023_01_aug_02.avi (blur=1885.1, exp=101.2, mp_rate=100.0%)
2026-07-18 17:48:02,740 | INFO     | [OK] Created augmented video accident_023_02_aug_01.avi (blur=25.4, exp=89.3, mp_rate=100.0%)
2026-07-18 17:48:05,063 | INFO     | [OK] Created augmented video accident_023_02_aug_02.avi (blur=26.4, exp=102.2, mp_rate=100.0%)
2026-07-18 17:48:06,077 | INFO     | [REJECT] Rejected augmented video accident_024_01_aug_01.avi: Excessive blur (laplacian var 3.9 < limit 15.0)
2026-07-18 17:48:06,491 | INFO     | [REJECT] Rejected augmented video accident_023_02_aug_03.avi: Excessive blur (laplacian var 6.2 < limit 15.0)
2026-07-18 17:48:06,595 | INFO     | [OK] Created augmented video accident_024_01_aug_02.avi (blur=81.2, exp=101.6, mp_rate=100.0%)
2026-07-18 17:48:06,788 | INFO     | [REJECT] Rejected augmented video accident_024_01_aug_03.avi: Excessive blur (laplacian var 14.2 < limit 15.0)
2026-07-18 17:48:13,754 | INFO     | [REJECT] Rejected augmented video accident_024_02_aug_01.avi: Excessive blur (laplacian var 7.5 < limit 15.0)
2026-07-18 17:48:14,055 | INFO     | [OK] Created augmented video accident_023_01_aug_03.avi (blur=685.9, exp=120.6, mp_rate=98.4%)
2026-07-18 17:48:15,879 | INFO     | [OK] Created augmented video accident_024_02_aug_02.avi (blur=62.0, exp=111.1, mp_rate=100.0%)
2026-07-18 17:48:23,926 | INFO     | [OK] Created augmented video accident_025_01_aug_01.avi (blur=76.1, exp=124.5, mp_rate=100.0%)
2026-07-18 17:48:25,400 | INFO     | [OK] Created augmented video accident_025_01_aug_02.avi (blur=88.7, exp=140.1, mp_rate=83.6%)
2026-07-18 17:48:25,447 | INFO     | [OK] Created augmented video accident_024_02_aug_03.avi (blur=72.0, exp=80.8, mp_rate=100.0%)
2026-07-18 17:48:26,146 | INFO     | [OK] Created augmented video accident_025_01_aug_03.avi (blur=47.0, exp=135.9, mp_rate=100.0%)
2026-07-18 17:48:30,223 | INFO     | [OK] Created augmented video accident_025_02_aug_02.avi (blur=29.1, exp=147.4, mp_rate=100.0%)
2026-07-18 17:48:33,317 | INFO     | [OK] Created augmented video accident_026_01_aug_02.avi (blur=75.4, exp=132.2, mp_rate=100.0%)
2026-07-18 17:48:39,860 | INFO     | [OK] Created augmented video accident_026_02_aug_02.avi (blur=17.5, exp=109.3, mp_rate=100.0%)
2026-07-18 17:48:41,250 | INFO     | [OK] Created augmented video call001_01_aug_03.avi (blur=52.8, exp=140.8, mp_rate=100.0%)
2026-07-18 17:48:46,424 | INFO     | [OK] Created augmented video call001_02_aug_02.avi (blur=25.7, exp=54.4, mp_rate=88.1%)
2026-07-18 17:48:48,962 | INFO     | [REJECT] Rejected augmented video accident_025_02_aug_03.avi: Hand detection rate 64.5% below threshold 80.0%
2026-07-18 17:48:49,365 | INFO     | [OK] Created augmented video accident_026_01_aug_01.avi (blur=292.6, exp=121.1, mp_rate=100.0%)
2026-07-18 17:48:49,850 | INFO     | [REJECT] Rejected augmented video accident_025_02_aug_01.avi: Hand detection rate 0.0% below threshold 80.0%
2026-07-18 17:48:59,272 | INFO     | [REJECT] Rejected augmented video call002_01_aug_01.avi: Excessive blur (laplacian var 6.2 < limit 15.0)
2026-07-18 17:48:59,734 | INFO     | [REJECT] Rejected augmented video call002_01_aug_02.avi: Excessive blur (laplacian var 6.2 < limit 15.0)
2026-07-18 17:49:02,660 | INFO     | [OK] Created augmented video call001_01_aug_02.avi (blur=175.3, exp=84.5, mp_rate=100.0%)
2026-07-18 17:49:03,530 | INFO     | [OK] Created augmented video accident_026_01_aug_03.avi (blur=1307.6, exp=130.5, mp_rate=100.0%)
2026-07-18 17:49:07,199 | INFO     | [OK] Created augmented video call002_02_aug_02.avi (blur=21.9, exp=124.5, mp_rate=100.0%)
2026-07-18 17:49:10,777 | INFO     | [REJECT] Rejected augmented video call001_02_aug_03.avi: Underexposure (mean luma 28.0 < limit 35.0)
2026-07-18 17:49:12,048 | INFO     | [REJECT] Rejected augmented video call003_01_aug_01.avi: Hand detection rate 18.8% below threshold 80.0%
2026-07-18 17:49:12,852 | INFO     | [REJECT] Rejected augmented video call001_01_aug_01.avi: Underexposure (mean luma 20.4 < limit 35.0)
2026-07-18 17:49:15,836 | INFO     | [OK] Created augmented video call001_02_aug_01.avi (blur=1545.9, exp=96.6, mp_rate=85.1%)
2026-07-18 17:49:16,386 | INFO     | [REJECT] Rejected augmented video call003_01_aug_02.avi: Excessive blur (laplacian var 6.8 < limit 15.0)
2026-07-18 17:49:22,784 | INFO     | [REJECT] Rejected augmented video call003_01_aug_03.avi: Excessive blur (laplacian var 7.9 < limit 15.0)
2026-07-18 17:49:26,713 | INFO     | [REJECT] Rejected augmented video call003_02_aug_01.avi: Excessive blur (laplacian var 6.3 < limit 15.0)
2026-07-18 17:49:27,937 | INFO     | [REJECT] Rejected augmented video call003_02_aug_02.avi: Excessive blur (laplacian var 3.3 < limit 15.0)
2026-07-18 17:49:31,092 | INFO     | [OK] Created augmented video call002_02_aug_01.avi (blur=1702.8, exp=88.0, mp_rate=90.9%)
2026-07-18 17:49:31,670 | INFO     | [OK] Created augmented video call004_01_aug_01.avi (blur=81.3, exp=94.6, mp_rate=94.4%)
2026-07-18 17:49:32,169 | INFO     | [REJECT] Rejected augmented video call003_02_aug_03.avi: Hand detection rate 42.3% below threshold 80.0%
2026-07-18 17:49:33,551 | INFO     | [OK] Created augmented video accident_026_02_aug_01.avi (blur=2526.5, exp=122.5, mp_rate=100.0%)
2026-07-18 17:49:34,618 | INFO     | [OK] Created augmented video accident_026_02_aug_03.avi (blur=1907.9, exp=131.4, mp_rate=100.0%)
2026-07-18 17:49:36,504 | INFO     | [OK] Created augmented video call002_01_aug_03.avi (blur=3004.6, exp=89.2, mp_rate=82.7%)
2026-07-18 17:49:38,888 | INFO     | [OK] Created augmented video call004_01_aug_02.avi (blur=44.1, exp=115.3, mp_rate=100.0%)
2026-07-18 17:49:40,502 | INFO     | [OK] Created augmented video call002_02_aug_03.avi (blur=567.0, exp=76.4, mp_rate=92.2%)
2026-07-18 17:49:42,467 | INFO     | [OK] Created augmented video call004_02_aug_01.avi (blur=15.8, exp=87.6, mp_rate=100.0%)
2026-07-18 17:49:43,444 | INFO     | [REJECT] Rejected augmented video call004_01_aug_03.avi: Excessive blur (laplacian var 4.3 < limit 15.0)
2026-07-18 17:49:47,767 | INFO     | [REJECT] Rejected augmented video call005_01_aug_01.avi: Excessive blur (laplacian var 3.3 < limit 15.0)
2026-07-18 17:49:49,414 | INFO     | [OK] Created augmented video call004_02_aug_02.avi (blur=572.2, exp=75.2, mp_rate=98.4%)
2026-07-18 17:49:49,647 | INFO     | [REJECT] Rejected augmented video call005_01_aug_02.avi: Excessive blur (laplacian var 10.7 < limit 15.0)
2026-07-18 17:49:50,706 | INFO     | [REJECT] Rejected augmented video call004_02_aug_03.avi: Hand detection rate 18.0% below threshold 80.0%
2026-07-18 17:49:50,797 | INFO     | [REJECT] Rejected augmented video call005_01_aug_03.avi: Excessive blur (laplacian var 8.6 < limit 15.0)
2026-07-18 17:49:54,613 | INFO     | [REJECT] Rejected augmented video call005_02_aug_01.avi: Hand detection rate 25.4% below threshold 80.0%
2026-07-18 17:49:59,528 | INFO     | [REJECT] Rejected augmented video call005_02_aug_02.avi: Hand detection rate 26.8% below threshold 80.0%
2026-07-18 17:50:01,683 | INFO     | [REJECT] Rejected augmented video call006_01_aug_01.avi: Excessive blur (laplacian var 3.4 < limit 15.0)
2026-07-18 17:50:02,120 | INFO     | [REJECT] Rejected augmented video call005_02_aug_03.avi: Hand detection rate 25.4% below threshold 80.0%
2026-07-18 17:50:02,682 | INFO     | [REJECT] Rejected augmented video call006_01_aug_02.avi: Excessive blur (laplacian var 9.7 < limit 15.0)
2026-07-18 17:50:07,513 | INFO     | [REJECT] Rejected augmented video call006_01_aug_03.avi: Excessive blur (laplacian var 8.0 < limit 15.0)
2026-07-18 17:50:08,181 | INFO     | [REJECT] Rejected augmented video call006_02_aug_01.avi: Excessive blur (laplacian var 3.0 < limit 15.0)
2026-07-18 17:50:08,312 | INFO     | [OK] Created augmented video call006_02_aug_02.avi (blur=34.8, exp=81.8, mp_rate=100.0%)
2026-07-18 17:50:11,926 | INFO     | [REJECT] Rejected augmented video call007_01_aug_01.avi: Excessive blur (laplacian var 7.8 < limit 15.0)
2026-07-18 17:50:11,932 | INFO     | [REJECT] Rejected augmented video call006_02_aug_03.avi: Hand detection rate 56.5% below threshold 80.0%
2026-07-18 17:50:15,600 | INFO     | [OK] Created augmented video call007_01_aug_02.avi (blur=31.7, exp=87.5, mp_rate=100.0%)
2026-07-18 17:50:20,474 | INFO     | [REJECT] Rejected augmented video call007_01_aug_03.avi: Excessive blur (laplacian var 14.0 < limit 15.0)
2026-07-18 17:50:23,237 | INFO     | [OK] Created augmented video call007_02_aug_02.avi (blur=102.8, exp=94.6, mp_rate=97.4%)
2026-07-18 17:50:23,449 | INFO     | [OK] Created augmented video call007_02_aug_03.avi (blur=37.1, exp=85.7, mp_rate=88.3%)
2026-07-18 17:50:25,952 | INFO     | [REJECT] Rejected augmented video call007_02_aug_01.avi: Hand detection rate 31.2% below threshold 80.0%
2026-07-18 17:50:29,438 | INFO     | [OK] Created augmented video call008_01_aug_02.avi (blur=21.0, exp=123.8, mp_rate=100.0%)
2026-07-18 17:50:29,775 | INFO     | [REJECT] Rejected augmented video call008_02_aug_02.avi: Excessive blur (laplacian var 6.8 < limit 15.0)
2026-07-18 17:50:32,168 | INFO     | [OK] Created augmented video call008_01_aug_03.avi (blur=102.9, exp=79.7, mp_rate=100.0%)
2026-07-18 17:50:32,523 | INFO     | [REJECT] Rejected augmented video call008_02_aug_01.avi: Hand detection rate 76.1% below threshold 80.0%
2026-07-18 17:50:32,707 | INFO     | [OK] Created augmented video call008_01_aug_01.avi (blur=2755.7, exp=93.7, mp_rate=100.0%)
2026-07-18 17:50:35,867 | INFO     | [OK] Created augmented video call008_02_aug_03.avi (blur=3644.4, exp=77.7, mp_rate=84.5%)
2026-07-18 17:50:42,565 | INFO     | [REJECT] Rejected augmented video call009_01_aug_02.avi: Hand detection rate 1.1% below threshold 80.0%
2026-07-18 17:50:42,774 | INFO     | [REJECT] Rejected augmented video call009_01_aug_03.avi: Excessive blur (laplacian var 6.5 < limit 15.0)
2026-07-18 17:50:43,455 | INFO     | [REJECT] Rejected augmented video call009_02_aug_01.avi: Hand detection rate 24.4% below threshold 80.0%
2026-07-18 17:50:47,005 | INFO     | [REJECT] Rejected augmented video call009_02_aug_03.avi: Hand detection rate 1.2% below threshold 80.0%
2026-07-18 17:50:47,457 | INFO     | [REJECT] Rejected augmented video call010_01_aug_01.avi: Excessive blur (laplacian var 5.9 < limit 15.0)
2026-07-18 17:50:47,861 | INFO     | [REJECT] Rejected augmented video call010_01_aug_03.avi: Hand detection rate 8.6% below threshold 80.0%
2026-07-18 17:50:48,149 | INFO     | [REJECT] Rejected augmented video call009_01_aug_01.avi: Hand detection rate 0.0% below threshold 80.0%
2026-07-18 17:50:50,997 | INFO     | [OK] Created augmented video call010_01_aug_02.avi (blur=231.9, exp=66.9, mp_rate=84.3%)
2026-07-18 17:50:52,285 | INFO     | [REJECT] Rejected augmented video call009_02_aug_02.avi: Hand detection rate 2.4% below threshold 80.0%
2026-07-18 17:50:56,716 | INFO     | [OK] Created augmented video call010_02_aug_01.avi (blur=48.5, exp=139.1, mp_rate=100.0%)
2026-07-18 17:51:00,475 | INFO     | [REJECT] Rejected augmented video call010_02_aug_02.avi: Excessive blur (laplacian var 10.0 < limit 15.0)
2026-07-18 17:51:05,871 | INFO     | [REJECT] Rejected augmented video call010_02_aug_03.avi: Hand detection rate 0.0% below threshold 80.0%
2026-07-18 17:51:07,478 | INFO     | [REJECT] Rejected augmented video call011_02_aug_01.avi: Excessive blur (laplacian var 4.6 < limit 15.0)
2026-07-18 17:51:07,728 | INFO     | [REJECT] Rejected augmented video call011_02_aug_02.avi: Excessive blur (laplacian var 11.0 < limit 15.0)
2026-07-18 17:51:07,801 | INFO     | [OK] Created augmented video call011_01_aug_01.avi (blur=281.3, exp=57.6, mp_rate=94.0%)
2026-07-18 17:51:09,023 | INFO     | [REJECT] Rejected augmented video call012_01_aug_01.avi: Excessive blur (laplacian var 4.8 < limit 15.0)
2026-07-18 17:51:10,879 | INFO     | [REJECT] Rejected augmented video call011_02_aug_03.avi: Excessive blur (laplacian var 11.7 < limit 15.0)
2026-07-18 17:51:12,185 | INFO     | [OK] Created augmented video call011_01_aug_03.avi (blur=534.8, exp=70.7, mp_rate=89.2%)
2026-07-18 17:51:16,139 | INFO     | [REJECT] Rejected augmented video call011_01_aug_02.avi: Hand detection rate 2.4% below threshold 80.0%
2026-07-18 17:51:17,636 | INFO     | [OK] Created augmented video call012_01_aug_03.avi (blur=20.2, exp=104.0, mp_rate=100.0%)
2026-07-18 17:51:20,926 | INFO     | [OK] Created augmented video call012_01_aug_02.avi (blur=1802.8, exp=97.5, mp_rate=92.3%)
2026-07-18 17:51:27,743 | INFO     | [REJECT] Rejected augmented video call012_02_aug_02.avi: Excessive blur (laplacian var 10.7 < limit 15.0)
2026-07-18 17:51:27,862 | INFO     | [REJECT] Rejected augmented video call013_01_aug_01.avi: Excessive blur (laplacian var 2.9 < limit 15.0)
2026-07-18 17:51:28,043 | INFO     | [OK] Created augmented video call012_02_aug_03.avi (blur=70.7, exp=89.7, mp_rate=96.2%)
2026-07-18 17:51:30,837 | INFO     | [REJECT] Rejected augmented video call013_01_aug_03.avi: Excessive blur (laplacian var 11.3 < limit 15.0)
2026-07-18 17:51:30,958 | INFO     | [OK] Created augmented video call012_02_aug_01.avi (blur=755.5, exp=56.0, mp_rate=98.7%)
2026-07-18 17:51:32,294 | INFO     | [OK] Created augmented video call013_01_aug_02.avi (blur=501.8, exp=104.7, mp_rate=97.4%)
2026-07-18 17:51:35,479 | INFO     | [OK] Created augmented video call013_02_aug_01.avi (blur=280.1, exp=93.5, mp_rate=98.8%)
2026-07-18 17:51:36,916 | INFO     | [REJECT] Rejected augmented video call013_02_aug_02.avi: Hand detection rate 46.2% below threshold 80.0%
2026-07-18 17:51:44,858 | INFO     | [REJECT] Rejected augmented video call013_02_aug_03.avi: Hand detection rate 0.0% below threshold 80.0%
2026-07-18 17:51:48,678 | INFO     | [OK] Created augmented video call014_02_aug_01.avi (blur=25.1, exp=79.9, mp_rate=100.0%)
2026-07-18 17:51:51,205 | INFO     | [OK] Created augmented video call015_01_aug_01.avi (blur=59.4, exp=97.6, mp_rate=100.0%)
2026-07-18 17:51:51,550 | INFO     | [REJECT] Rejected augmented video call014_02_aug_02.avi: Excessive blur (laplacian var 6.9 < limit 15.0)
2026-07-18 17:51:51,695 | INFO     | [REJECT] Rejected augmented video call014_02_aug_03.avi: Hand detection rate 51.3% below threshold 80.0%
2026-07-18 17:51:54,345 | INFO     | [REJECT] Rejected augmented video call015_01_aug_02.avi: Excessive blur (laplacian var 4.2 < limit 15.0)
2026-07-18 17:51:54,815 | INFO     | [OK] Created augmented video call014_01_aug_01.avi (blur=90.3, exp=126.8, mp_rate=99.2%)
2026-07-18 17:51:55,844 | INFO     | [OK] Created augmented video call015_01_aug_03.avi (blur=29.8, exp=75.9, mp_rate=100.0%)
2026-07-18 17:52:01,986 | INFO     | [REJECT] Rejected augmented video call014_01_aug_03.avi: Excessive blur (laplacian var 8.0 < limit 15.0)
2026-07-18 17:52:05,496 | INFO     | [OK] Created augmented video call014_01_aug_02.avi (blur=37.5, exp=140.1, mp_rate=100.0%)
2026-07-18 17:52:06,398 | INFO     | [REJECT] Rejected augmented video call015_02_aug_01.avi: Excessive blur (laplacian var 8.7 < limit 15.0)
2026-07-18 17:52:11,858 | INFO     | [OK] Created augmented video call016_01_aug_01.avi (blur=18.5, exp=56.0, mp_rate=97.4%)
2026-07-18 17:52:11,945 | INFO     | [REJECT] Rejected augmented video call016_01_aug_02.avi: Hand detection rate 1.3% below threshold 80.0%
2026-07-18 17:52:12,291 | INFO     | [REJECT] Rejected augmented video call015_02_aug_03.avi: Excessive blur (laplacian var 11.4 < limit 15.0)
2026-07-18 17:52:12,973 | INFO     | [OK] Created augmented video call015_02_aug_02.avi (blur=1196.9, exp=124.6, mp_rate=100.0%)
2026-07-18 17:52:15,577 | INFO     | [REJECT] Rejected augmented video call016_02_aug_01.avi: Excessive blur (laplacian var 6.0 < limit 15.0)
2026-07-18 17:52:16,477 | INFO     | [REJECT] Rejected augmented video call016_02_aug_02.avi: Excessive blur (laplacian var 12.9 < limit 15.0)
2026-07-18 17:52:17,290 | INFO     | [OK] Created augmented video call016_01_aug_03.avi (blur=593.2, exp=64.7, mp_rate=82.9%)
2026-07-18 17:52:21,943 | INFO     | [REJECT] Rejected augmented video call016_02_aug_03.avi: Excessive blur (laplacian var 10.4 < limit 15.0)
2026-07-18 17:52:23,467 | INFO     | [REJECT] Rejected augmented video call017_01_aug_01.avi: Hand detection rate 4.2% below threshold 80.0%
2026-07-18 17:52:26,945 | INFO     | [REJECT] Rejected augmented video call017_01_aug_02.avi: Hand detection rate 29.2% below threshold 80.0%
2026-07-18 17:52:28,717 | INFO     | [REJECT] Rejected augmented video call017_02_aug_01.avi: Hand detection rate 1.4% below threshold 80.0%
2026-07-18 17:52:29,078 | INFO     | [REJECT] Rejected augmented video call017_01_aug_03.avi: Excessive blur (laplacian var 4.2 < limit 15.0)
2026-07-18 17:52:29,079 | INFO     | [REJECT] Rejected augmented video call017_02_aug_02.avi: Hand detection rate 5.7% below threshold 80.0%
2026-07-18 17:52:31,936 | INFO     | [REJECT] Rejected augmented video call017_02_aug_03.avi: Hand detection rate 0.0% below threshold 80.0%
2026-07-18 17:52:34,971 | INFO     | [REJECT] Rejected augmented video call018_01_aug_02.avi: Excessive blur (laplacian var 6.1 < limit 15.0)
2026-07-18 17:52:36,700 | INFO     | [OK] Created augmented video call018_01_aug_01.avi (blur=588.0, exp=76.8, mp_rate=100.0%)
2026-07-18 17:52:39,269 | INFO     | [OK] Created augmented video call018_01_aug_03.avi (blur=745.5, exp=91.3, mp_rate=100.0%)
2026-07-18 17:52:40,869 | INFO     | [OK] Created augmented video call018_02_aug_01.avi (blur=50.0, exp=72.7, mp_rate=100.0%)
2026-07-18 17:52:42,623 | INFO     | [OK] Created augmented video call018_02_aug_02.avi (blur=18.6, exp=62.8, mp_rate=100.0%)
2026-07-18 17:52:46,628 | INFO     | [OK] Created augmented video call018_02_aug_03.avi (blur=80.7, exp=126.2, mp_rate=100.0%)
2026-07-18 17:52:48,420 | INFO     | [OK] Created augmented video call019_01_aug_03.avi (blur=17.4, exp=81.2, mp_rate=97.3%)
2026-07-18 17:52:50,711 | INFO     | [REJECT] Rejected augmented video call019_01_aug_01.avi: Hand detection rate 54.7% below threshold 80.0%
2026-07-18 17:52:51,404 | INFO     | [REJECT] Rejected augmented video call019_01_aug_02.avi: Hand detection rate 1.3% below threshold 80.0%
2026-07-18 17:52:52,119 | INFO     | [OK] Created augmented video call019_02_aug_01.avi (blur=37.7, exp=67.2, mp_rate=100.0%)
2026-07-18 17:52:52,712 | INFO     | [OK] Created augmented video call019_02_aug_02.avi (blur=43.0, exp=103.9, mp_rate=100.0%)
2026-07-18 17:52:57,700 | INFO     | [REJECT] Rejected augmented video call019_02_aug_03.avi: Hand detection rate 29.4% below threshold 80.0%
2026-07-18 17:53:00,066 | INFO     | [OK] Created augmented video call020_01_aug_01.avi (blur=198.5, exp=114.1, mp_rate=100.0%)
2026-07-18 17:53:01,872 | INFO     | [REJECT] Rejected augmented video call020_01_aug_02.avi: Excessive blur (laplacian var 5.8 < limit 15.0)
2026-07-18 17:53:03,794 | INFO     | [REJECT] Rejected augmented video call020_01_aug_03.avi: Excessive blur (laplacian var 5.6 < limit 15.0)
2026-07-18 17:53:09,656 | INFO     | [OK] Created augmented video call020_02_aug_01.avi (blur=142.2, exp=105.1, mp_rate=100.0%)
2026-07-18 17:53:12,046 | INFO     | [OK] Created augmented video call020_02_aug_02.avi (blur=55.4, exp=140.0, mp_rate=97.4%)
2026-07-18 17:53:12,263 | INFO     | [REJECT] Rejected augmented video call020_02_aug_03.avi: Excessive blur (laplacian var 3.5 < limit 15.0)
2026-07-18 17:53:15,172 | INFO     | [OK] Created augmented video call021_01_aug_01.avi (blur=25.3, exp=133.3, mp_rate=97.6%)
2026-07-18 17:53:15,817 | INFO     | [OK] Created augmented video call021_01_aug_02.avi (blur=16.9, exp=101.4, mp_rate=95.3%)
2026-07-18 17:53:16,401 | INFO     | [REJECT] Rejected augmented video call021_01_aug_03.avi: Hand detection rate 52.9% below threshold 80.0%
2026-07-18 17:53:19,160 | INFO     | [REJECT] Rejected augmented video call021_02_aug_01.avi: Excessive blur (laplacian var 7.2 < limit 15.0)
2026-07-18 17:53:21,321 | INFO     | [REJECT] Rejected augmented video call021_02_aug_02.avi: Excessive blur (laplacian var 8.4 < limit 15.0)
2026-07-18 17:53:22,933 | INFO     | [REJECT] Rejected augmented video call022_01_aug_01.avi: Excessive blur (laplacian var 3.9 < limit 15.0)
2026-07-18 17:53:25,533 | INFO     | [OK] Created augmented video call021_02_aug_03.avi (blur=177.7, exp=157.4, mp_rate=98.7%)
2026-07-18 17:53:28,903 | INFO     | [REJECT] Rejected augmented video call022_01_aug_02.avi: Excessive blur (laplacian var 8.8 < limit 15.0)
2026-07-18 17:53:31,307 | INFO     | [REJECT] Rejected augmented video call022_01_aug_03.avi: Hand detection rate 42.9% below threshold 80.0%
2026-07-18 17:53:33,858 | INFO     | [OK] Created augmented video call022_02_aug_01.avi (blur=17.8, exp=66.8, mp_rate=96.2%)
2026-07-18 17:53:36,751 | INFO     | [REJECT] Rejected augmented video call022_02_aug_02.avi: Hand detection rate 56.4% below threshold 80.0%
2026-07-18 17:53:37,588 | INFO     | [REJECT] Rejected augmented video call022_02_aug_03.avi: Excessive blur (laplacian var 9.7 < limit 15.0)
2026-07-18 17:53:38,114 | INFO     | [OK] Created augmented video call023_01_aug_01.avi (blur=19.5, exp=64.4, mp_rate=97.4%)
2026-07-18 17:53:41,179 | INFO     | [OK] Created augmented video call023_01_aug_02.avi (blur=17.7, exp=62.4, mp_rate=98.7%)
2026-07-18 17:53:46,020 | INFO     | [REJECT] Rejected augmented video call023_01_aug_03.avi: Hand detection rate 52.6% below threshold 80.0%
2026-07-18 17:53:46,688 | INFO     | [OK] Created augmented video call023_02_aug_01.avi (blur=161.1, exp=65.7, mp_rate=100.0%)
2026-07-18 17:53:49,232 | INFO     | [OK] Created augmented video call023_02_aug_02.avi (blur=50.9, exp=72.6, mp_rate=98.7%)
2026-07-18 17:53:50,434 | INFO     | [REJECT] Rejected augmented video call023_02_aug_03.avi: Excessive blur (laplacian var 14.7 < limit 15.0)
2026-07-18 17:53:52,428 | INFO     | [OK] Created augmented video call024_01_aug_02.avi (blur=16.6, exp=68.5, mp_rate=98.5%)
2026-07-18 17:53:53,858 | INFO     | [REJECT] Rejected augmented video call024_01_aug_01.avi: Hand detection rate 69.1% below threshold 80.0%
2026-07-18 17:53:55,063 | INFO     | [OK] Created augmented video call024_01_aug_03.avi (blur=28.6, exp=94.5, mp_rate=98.5%)
2026-07-18 17:53:55,762 | INFO     | [REJECT] Rejected augmented video call024_02_aug_02.avi: Excessive blur (laplacian var 3.2 < limit 15.0)
2026-07-18 17:53:57,233 | INFO     | [REJECT] Rejected augmented video call024_02_aug_01.avi: Hand detection rate 42.4% below threshold 80.0%
2026-07-18 17:53:58,459 | INFO     | [REJECT] Rejected augmented video call024_02_aug_03.avi: Excessive blur (laplacian var 12.4 < limit 15.0)
2026-07-18 17:54:00,488 | INFO     | [REJECT] Rejected augmented video call025_01_aug_01.avi: Excessive blur (laplacian var 3.4 < limit 15.0)
2026-07-18 17:54:03,144 | INFO     | [REJECT] Rejected augmented video call025_01_aug_02.avi: Hand detection rate 16.4% below threshold 80.0%
2026-07-18 17:54:03,500 | INFO     | [REJECT] Rejected augmented video call025_01_aug_03.avi: Hand detection rate 32.7% below threshold 80.0%
2026-07-18 17:54:08,273 | INFO     | [REJECT] Rejected augmented video call025_02_aug_02.avi: Excessive blur (laplacian var 3.9 < limit 15.0)
2026-07-18 17:54:08,314 | INFO     | [OK] Created augmented video call025_02_aug_01.avi (blur=170.3, exp=96.6, mp_rate=93.3%)
2026-07-18 17:54:09,844 | INFO     | [REJECT] Rejected augmented video call025_02_aug_03.avi: Excessive blur (laplacian var 3.7 < limit 15.0)
2026-07-18 17:54:14,571 | INFO     | [OK] Created augmented video call026_01_aug_01.avi (blur=26.0, exp=77.6, mp_rate=97.3%)
2026-07-18 17:54:18,579 | INFO     | [REJECT] Rejected augmented video call026_02_aug_01.avi: Excessive blur (laplacian var 7.8 < limit 15.0)
2026-07-18 17:54:20,868 | INFO     | [OK] Created augmented video call026_01_aug_02.avi (blur=684.8, exp=94.8, mp_rate=81.3%)
2026-07-18 17:54:21,025 | INFO     | [OK] Created augmented video call026_01_aug_03.avi (blur=862.1, exp=77.1, mp_rate=84.0%)
2026-07-18 17:54:25,730 | INFO     | [OK] Created augmented video call026_02_aug_02.avi (blur=55.2, exp=75.0, mp_rate=89.6%)
2026-07-18 17:54:27,068 | INFO     | [OK] Created augmented video call_001_01_aug_01.avi (blur=101.5, exp=74.6, mp_rate=100.0%)
2026-07-18 17:54:29,958 | INFO     | [REJECT] Rejected augmented video call_001_01_aug_03.avi: Hand detection rate 72.7% below threshold 80.0%
2026-07-18 17:54:32,416 | INFO     | [REJECT] Rejected augmented video call026_02_aug_03.avi: Hand detection rate 58.4% below threshold 80.0%
2026-07-18 17:54:39,790 | INFO     | [REJECT] Rejected augmented video call_001_02_aug_02.avi: Excessive blur (laplacian var 6.7 < limit 15.0)
2026-07-18 17:54:44,376 | INFO     | [REJECT] Rejected augmented video call_002_01_aug_02.avi: Excessive blur (laplacian var 5.5 < limit 15.0)
2026-07-18 17:54:44,548 | INFO     | [OK] Created augmented video call_001_02_aug_03.avi (blur=16.6, exp=119.2, mp_rate=100.0%)
2026-07-18 17:54:47,287 | INFO     | [OK] Created augmented video call_002_01_aug_01.avi (blur=15.9, exp=91.6, mp_rate=100.0%)
2026-07-18 17:54:47,383 | INFO     | [OK] Created augmented video call_001_01_aug_02.avi (blur=821.9, exp=137.6, mp_rate=100.0%)
2026-07-18 17:54:49,005 | INFO     | [OK] Created augmented video call_001_02_aug_01.avi (blur=1026.9, exp=119.0, mp_rate=100.0%)
2026-07-18 17:54:49,487 | INFO     | [REJECT] Rejected augmented video call_002_01_aug_03.avi: Excessive blur (laplacian var 13.1 < limit 15.0)
2026-07-18 17:54:51,412 | INFO     | [REJECT] Rejected augmented video call_002_02_aug_02.avi: Excessive blur (laplacian var 3.4 < limit 15.0)
2026-07-18 17:54:55,768 | INFO     | [REJECT] Rejected augmented video call_002_02_aug_03.avi: Excessive blur (laplacian var 7.0 < limit 15.0)
2026-07-18 17:54:59,313 | INFO     | [OK] Created augmented video call_002_02_aug_01.avi (blur=64.1, exp=115.2, mp_rate=100.0%)
2026-07-18 17:55:07,769 | INFO     | [OK] Created augmented video call_003_01_aug_01.avi (blur=47.5, exp=130.3, mp_rate=100.0%)
2026-07-18 17:55:11,353 | INFO     | [REJECT] Rejected augmented video call_003_02_aug_01.avi: Excessive blur (laplacian var 5.4 < limit 15.0)
2026-07-18 17:55:12,845 | INFO     | [OK] Created augmented video call_003_01_aug_02.avi (blur=53.0, exp=106.6, mp_rate=100.0%)
2026-07-18 17:55:13,361 | INFO     | [REJECT] Rejected augmented video call_004_01_aug_02.avi: Hand detection rate 65.2% below threshold 80.0%
2026-07-18 17:55:14,042 | INFO     | [REJECT] Rejected augmented video call_003_02_aug_02.avi: Excessive blur (laplacian var 14.2 < limit 15.0)
2026-07-18 17:55:14,519 | INFO     | [REJECT] Rejected augmented video call_004_01_aug_01.avi: Excessive blur (laplacian var 8.4 < limit 15.0)
2026-07-18 17:55:17,433 | INFO     | [REJECT] Rejected augmented video call_004_01_aug_03.avi: Excessive blur (laplacian var 13.8 < limit 15.0)
2026-07-18 17:55:23,822 | INFO     | [REJECT] Rejected augmented video call_004_02_aug_01.avi: Excessive blur (laplacian var 7.3 < limit 15.0)
2026-07-18 17:55:26,728 | INFO     | [OK] Created augmented video call_003_02_aug_03.avi (blur=226.9, exp=105.0, mp_rate=100.0%)
2026-07-18 17:55:26,938 | INFO     | [OK] Created augmented video call_003_01_aug_03.avi (blur=3063.7, exp=102.9, mp_rate=96.3%)
2026-07-18 17:55:34,679 | INFO     | [REJECT] Rejected augmented video call_004_02_aug_02.avi: Excessive blur (laplacian var 6.2 < limit 15.0)
2026-07-18 17:55:34,916 | INFO     | [REJECT] Rejected augmented video call_005_02_aug_01.avi: Excessive blur (laplacian var 14.5 < limit 15.0)
2026-07-18 17:55:34,917 | INFO     | [OK] Created augmented video call_005_01_aug_01.avi (blur=27.9, exp=123.7, mp_rate=100.0%)
2026-07-18 17:55:37,024 | INFO     | [OK] Created augmented video call_005_02_aug_02.avi (blur=18.8, exp=98.0, mp_rate=100.0%)
2026-07-18 17:55:38,571 | INFO     | [OK] Created augmented video call_005_01_aug_02.avi (blur=17.9, exp=86.3, mp_rate=100.0%)
2026-07-18 17:55:47,269 | INFO     | [OK] Created augmented video call_006_01_aug_01.avi (blur=156.9, exp=116.9, mp_rate=92.3%)
2026-07-18 17:55:48,585 | INFO     | [OK] Created augmented video call_004_02_aug_03.avi (blur=116.3, exp=136.7, mp_rate=97.4%)
2026-07-18 17:55:51,566 | INFO     | [OK] Created augmented video call_005_01_aug_03.avi (blur=3511.5, exp=118.8, mp_rate=100.0%)
2026-07-18 17:55:55,459 | INFO     | [OK] Created augmented video call_006_01_aug_03.avi (blur=82.5, exp=116.0, mp_rate=96.9%)
2026-07-18 17:55:55,998 | INFO     | [OK] Created augmented video call_005_02_aug_03.avi (blur=3729.0, exp=113.2, mp_rate=95.1%)
2026-07-18 17:55:56,567 | INFO     | [REJECT] Rejected augmented video call_006_02_aug_02.avi: Excessive blur (laplacian var 5.2 < limit 15.0)
2026-07-18 17:55:58,433 | INFO     | [OK] Created augmented video call_006_02_aug_03.avi (blur=31.5, exp=71.0, mp_rate=97.2%)
2026-07-18 17:55:58,763 | INFO     | [REJECT] Rejected augmented video call_006_02_aug_01.avi: Excessive blur (laplacian var 11.7 < limit 15.0)
2026-07-18 17:56:00,729 | INFO     | [OK] Created augmented video call_007_01_aug_01.avi (blur=15.4, exp=112.5, mp_rate=100.0%)
2026-07-18 17:56:01,222 | INFO     | [OK] Created augmented video call_006_01_aug_02.avi (blur=3022.7, exp=113.9, mp_rate=89.2%)
2026-07-18 17:56:11,996 | INFO     | [REJECT] Rejected augmented video call_007_01_aug_02.avi: Excessive blur (laplacian var 6.8 < limit 15.0)
2026-07-18 17:56:18,060 | INFO     | [OK] Created augmented video call_007_02_aug_03.avi (blur=57.2, exp=76.8, mp_rate=100.0%)
2026-07-18 17:56:19,444 | INFO     | [OK] Created augmented video call_007_02_aug_02.avi (blur=176.7, exp=133.8, mp_rate=100.0%)
2026-07-18 17:56:24,330 | INFO     | [OK] Created augmented video call_007_01_aug_03.avi (blur=650.6, exp=111.8, mp_rate=100.0%)
2026-07-18 17:56:24,868 | INFO     | [OK] Created augmented video call_007_02_aug_01.avi (blur=545.3, exp=87.2, mp_rate=100.0%)
2026-07-18 17:56:25,191 | INFO     | [OK] Created augmented video call_008_02_aug_02.avi (blur=30.2, exp=116.9, mp_rate=100.0%)
2026-07-18 17:56:25,310 | INFO     | [OK] Created augmented video call_008_01_aug_01.avi (blur=39.7, exp=116.2, mp_rate=100.0%)
2026-07-18 17:56:25,798 | INFO     | [OK] Created augmented video call_008_01_aug_03.avi (blur=90.6, exp=102.9, mp_rate=100.0%)
2026-07-18 17:56:27,521 | INFO     | [OK] Created augmented video call_008_01_aug_02.avi (blur=45.1, exp=95.7, mp_rate=100.0%)
2026-07-18 17:56:33,931 | INFO     | [OK] Created augmented video call_008_02_aug_03.avi (blur=15.7, exp=117.3, mp_rate=100.0%)
2026-07-18 17:56:36,816 | INFO     | [OK] Created augmented video call_008_02_aug_01.avi (blur=1230.1, exp=109.1, mp_rate=100.0%)
2026-07-18 17:56:46,956 | INFO     | [OK] Created augmented video call_009_01_aug_02.avi (blur=18.6, exp=98.8, mp_rate=98.9%)
2026-07-18 17:56:47,179 | INFO     | [OK] Created augmented video call_009_01_aug_03.avi (blur=21.4, exp=93.4, mp_rate=94.5%)
2026-07-18 17:56:47,374 | INFO     | [REJECT] Rejected augmented video call_009_01_aug_01.avi: Hand detection rate 30.8% below threshold 80.0%
2026-07-18 17:56:52,350 | INFO     | [REJECT] Rejected augmented video call_009_02_aug_01.avi: Excessive blur (laplacian var 11.4 < limit 15.0)
2026-07-18 17:56:55,659 | INFO     | [REJECT] Rejected augmented video call_010_01_aug_02.avi: Excessive blur (laplacian var 10.3 < limit 15.0)
2026-07-18 17:56:56,741 | INFO     | [OK] Created augmented video call_010_01_aug_01.avi (blur=34.3, exp=114.5, mp_rate=100.0%)
2026-07-18 17:56:58,672 | INFO     | [OK] Created augmented video call_010_01_aug_03.avi (blur=22.7, exp=98.8, mp_rate=100.0%)
2026-07-18 17:57:00,748 | INFO     | [OK] Created augmented video call_009_02_aug_02.avi (blur=312.2, exp=99.9, mp_rate=85.4%)
2026-07-18 17:57:03,444 | INFO     | [REJECT] Rejected augmented video call_009_02_aug_03.avi: Hand detection rate 20.7% below threshold 80.0%
2026-07-18 17:57:05,905 | INFO     | [OK] Created augmented video call_010_02_aug_02.avi (blur=45.3, exp=90.9, mp_rate=100.0%)
2026-07-18 17:57:07,517 | INFO     | [OK] Created augmented video call_010_02_aug_03.avi (blur=21.2, exp=120.4, mp_rate=100.0%)
2026-07-18 17:57:10,511 | INFO     | [REJECT] Rejected augmented video call_011_01_aug_01.avi: Hand detection rate 16.9% below threshold 80.0%
2026-07-18 17:57:12,647 | INFO     | [OK] Created augmented video call_010_02_aug_01.avi (blur=192.2, exp=97.6, mp_rate=100.0%)
2026-07-18 17:57:15,685 | INFO     | [OK] Created augmented video call_011_01_aug_03.avi (blur=62.3, exp=121.3, mp_rate=100.0%)
2026-07-18 17:57:16,300 | INFO     | [OK] Created augmented video call_011_02_aug_01.avi (blur=67.7, exp=114.7, mp_rate=97.4%)
2026-07-18 17:57:20,214 | INFO     | [REJECT] Rejected augmented video call_012_01_aug_03.avi: Excessive blur (laplacian var 5.1 < limit 15.0)
2026-07-18 17:57:26,877 | INFO     | [REJECT] Rejected augmented video call_012_02_aug_02.avi: Excessive blur (laplacian var 9.9 < limit 15.0)
2026-07-18 17:57:29,919 | INFO     | [REJECT] Rejected augmented video call_013_01_aug_02.avi: Excessive blur (laplacian var 11.2 < limit 15.0)
2026-07-18 17:57:35,957 | INFO     | [OK] Created augmented video call_013_02_aug_01.avi (blur=15.4, exp=151.4, mp_rate=100.0%)
2026-07-18 17:57:43,473 | INFO     | [OK] Created augmented video call_012_01_aug_01.avi (blur=142.2, exp=128.9, mp_rate=100.0%)
2026-07-18 17:57:46,030 | INFO     | [OK] Created augmented video call_011_02_aug_02.avi (blur=122.6, exp=121.7, mp_rate=97.4%)
2026-07-18 17:57:48,194 | INFO     | [REJECT] Rejected augmented video call_011_02_aug_03.avi: Hand detection rate 9.1% below threshold 80.0%
2026-07-18 17:57:58,379 | INFO     | [REJECT] Rejected augmented video call_013_02_aug_03.avi: Excessive blur (laplacian var 10.9 < limit 15.0)
2026-07-18 17:58:00,477 | INFO     | [OK] Created augmented video call_014_01_aug_02.avi (blur=23.3, exp=102.7, mp_rate=98.7%)
2026-07-18 17:58:02,181 | INFO     | [OK] Created augmented video call_012_02_aug_01.avi (blur=170.4, exp=105.2, mp_rate=100.0%)
2026-07-18 17:58:02,641 | INFO     | [REJECT] Rejected augmented video call_014_01_aug_01.avi: Excessive blur (laplacian var 9.3 < limit 15.0)
2026-07-18 17:58:06,300 | INFO     | [REJECT] Rejected augmented video call_011_01_aug_02.avi: Hand detection rate 15.7% below threshold 80.0%
2026-07-18 17:58:13,479 | INFO     | [REJECT] Rejected augmented video call_012_01_aug_02.avi: Hand detection rate 35.4% below threshold 80.0%
2026-07-18 17:58:15,531 | INFO     | [OK] Created augmented video call_014_01_aug_03.avi (blur=30.1, exp=109.5, mp_rate=100.0%)
2026-07-18 17:58:16,811 | INFO     | [REJECT] Rejected augmented video call_014_02_aug_02.avi: Excessive blur (laplacian var 9.2 < limit 15.0)
2026-07-18 17:58:17,030 | INFO     | [REJECT] Rejected augmented video call_014_02_aug_01.avi: Excessive blur (laplacian var 14.5 < limit 15.0)
2026-07-18 17:58:17,699 | INFO     | [OK] Created augmented video call_013_01_aug_03.avi (blur=268.8, exp=116.5, mp_rate=100.0%)
2026-07-18 17:58:20,738 | INFO     | [OK] Created augmented video call_015_01_aug_01.avi (blur=79.3, exp=131.5, mp_rate=100.0%)
2026-07-18 17:58:23,251 | INFO     | [OK] Created augmented video call_013_02_aug_02.avi (blur=847.5, exp=119.9, mp_rate=100.0%)
2026-07-18 17:58:33,935 | INFO     | [OK] Created augmented video call_012_02_aug_03.avi (blur=645.9, exp=126.8, mp_rate=100.0%)
2026-07-18 17:58:35,608 | INFO     | [OK] Created augmented video call_015_02_aug_02.avi (blur=26.1, exp=118.2, mp_rate=100.0%)
2026-07-18 17:58:35,937 | INFO     | [OK] Created augmented video call_015_02_aug_01.avi (blur=155.8, exp=144.1, mp_rate=100.0%)
2026-07-18 17:58:36,433 | INFO     | [REJECT] Rejected augmented video call_015_02_aug_03.avi: Excessive blur (laplacian var 4.2 < limit 15.0)
2026-07-18 17:58:42,193 | INFO     | [REJECT] Rejected augmented video call_016_01_aug_02.avi: Excessive blur (laplacian var 8.5 < limit 15.0)
2026-07-18 17:58:46,116 | INFO     | [OK] Created augmented video call_014_02_aug_03.avi (blur=448.8, exp=91.9, mp_rate=98.7%)
2026-07-18 17:58:50,128 | INFO     | [OK] Created augmented video call_016_02_aug_01.avi (blur=25.1, exp=106.9, mp_rate=100.0%)
2026-07-18 17:58:50,546 | INFO     | [OK] Created augmented video call_016_02_aug_03.avi (blur=18.3, exp=91.6, mp_rate=100.0%)
2026-07-18 17:58:51,563 | INFO     | [REJECT] Rejected augmented video call_016_02_aug_02.avi: Excessive blur (laplacian var 4.9 < limit 15.0)
2026-07-18 17:58:54,741 | INFO     | [REJECT] Rejected augmented video call_017_01_aug_02.avi: Hand detection rate 15.3% below threshold 80.0%
2026-07-18 17:58:56,623 | INFO     | [REJECT] Rejected augmented video call_017_02_aug_01.avi: Excessive blur (laplacian var 7.3 < limit 15.0)
2026-07-18 17:59:00,930 | INFO     | [REJECT] Rejected augmented video call_017_02_aug_03.avi: Hand detection rate 4.3% below threshold 80.0%
2026-07-18 17:59:05,150 | INFO     | [REJECT] Rejected augmented video call_013_01_aug_01.avi: Hand detection rate 16.0% below threshold 80.0%
2026-07-18 17:59:07,640 | INFO     | [OK] Created augmented video call_018_01_aug_01.avi (blur=17.8, exp=112.9, mp_rate=100.0%)
2026-07-18 17:59:10,177 | INFO     | [OK] Created augmented video call_018_01_aug_02.avi (blur=21.0, exp=102.2, mp_rate=100.0%)
2026-07-18 17:59:14,047 | INFO     | [REJECT] Rejected augmented video call_015_01_aug_02.avi: Hand detection rate 11.3% below threshold 80.0%
2026-07-18 17:59:14,312 | INFO     | [REJECT] Rejected augmented video call_018_01_aug_03.avi: Excessive blur (laplacian var 8.7 < limit 15.0)
2026-07-18 17:59:17,173 | INFO     | [OK] Created augmented video call_016_01_aug_03.avi (blur=642.5, exp=90.8, mp_rate=100.0%)
2026-07-18 17:59:18,443 | INFO     | [OK] Created augmented video call_015_01_aug_03.avi (blur=2926.9, exp=107.7, mp_rate=100.0%)
2026-07-18 17:59:26,332 | INFO     | [OK] Created augmented video call_018_02_aug_02.avi (blur=19.1, exp=88.0, mp_rate=100.0%)
2026-07-18 17:59:27,322 | INFO     | [REJECT] Rejected augmented video call_019_01_aug_01.avi: Excessive blur (laplacian var 5.5 < limit 15.0)
2026-07-18 17:59:28,311 | INFO     | [OK] Created augmented video call_016_01_aug_01.avi (blur=1415.0, exp=105.1, mp_rate=100.0%)
2026-07-18 17:59:34,436 | INFO     | [REJECT] Rejected augmented video call_019_01_aug_02.avi: Excessive blur (laplacian var 9.8 < limit 15.0)
2026-07-18 17:59:40,986 | INFO     | [REJECT] Rejected augmented video call_017_01_aug_01.avi: Hand detection rate 0.0% below threshold 80.0%
2026-07-18 17:59:41,279 | INFO     | [OK] Created augmented video call_019_01_aug_03.avi (blur=41.7, exp=126.8, mp_rate=100.0%)
2026-07-18 17:59:45,959 | INFO     | [REJECT] Rejected augmented video call_017_01_aug_03.avi: Hand detection rate 0.0% below threshold 80.0%
2026-07-18 17:59:46,142 | INFO     | [REJECT] Rejected augmented video call_019_02_aug_01.avi: Excessive blur (laplacian var 10.3 < limit 15.0)
2026-07-18 17:59:46,303 | INFO     | [REJECT] Rejected augmented video call_017_02_aug_02.avi: Hand detection rate 0.0% below threshold 80.0%
2026-07-18 17:59:49,013 | INFO     | [OK] Created augmented video call_019_02_aug_02.avi (blur=131.5, exp=114.7, mp_rate=100.0%)
2026-07-18 17:59:50,039 | INFO     | [OK] Created augmented video call_019_02_aug_03.avi (blur=22.8, exp=115.5, mp_rate=100.0%)
2026-07-18 18:00:01,433 | INFO     | [OK] Created augmented video call_020_01_aug_02.avi (blur=62.1, exp=116.1, mp_rate=100.0%)
2026-07-18 18:00:01,710 | INFO     | [OK] Created augmented video call_020_01_aug_01.avi (blur=70.9, exp=131.4, mp_rate=100.0%)
2026-07-18 18:00:02,207 | INFO     | [OK] Created augmented video call_018_02_aug_01.avi (blur=4307.0, exp=107.5, mp_rate=100.0%)
2026-07-18 18:00:07,401 | INFO     | [OK] Created augmented video call_018_02_aug_03.avi (blur=3827.6, exp=110.1, mp_rate=100.0%)
2026-07-18 18:00:09,787 | INFO     | [OK] Created augmented video call_020_02_aug_01.avi (blur=61.3, exp=85.0, mp_rate=100.0%)
2026-07-18 18:00:09,841 | INFO     | [OK] Created augmented video call_020_02_aug_03.avi (blur=133.2, exp=123.2, mp_rate=100.0%)
2026-07-18 18:00:12,022 | INFO     | [REJECT] Rejected augmented video call_021_01_aug_02.avi: Excessive blur (laplacian var 11.7 < limit 15.0)
2026-07-18 18:00:15,218 | INFO     | [REJECT] Rejected augmented video call_021_01_aug_03.avi: Excessive blur (laplacian var 13.4 < limit 15.0)
2026-07-18 18:00:22,329 | INFO     | [OK] Created augmented video call_020_01_aug_03.avi (blur=94.4, exp=161.6, mp_rate=100.0%)
2026-07-18 18:00:23,058 | INFO     | [OK] Created augmented video call_022_01_aug_01.avi (blur=139.5, exp=109.4, mp_rate=97.1%)
2026-07-18 18:00:27,525 | INFO     | [OK] Created augmented video call_022_01_aug_03.avi (blur=30.5, exp=92.5, mp_rate=100.0%)
2026-07-18 18:00:28,892 | INFO     | [OK] Created augmented video call_022_02_aug_01.avi (blur=51.4, exp=105.2, mp_rate=98.7%)
2026-07-18 18:00:35,166 | INFO     | [OK] Created augmented video call_021_01_aug_01.avi (blur=58.1, exp=124.6, mp_rate=100.0%)
2026-07-18 18:00:36,004 | INFO     | [OK] Created augmented video call_022_02_aug_03.avi (blur=25.5, exp=101.5, mp_rate=100.0%)
2026-07-18 18:00:38,104 | INFO     | [OK] Created augmented video call_022_02_aug_02.avi (blur=34.3, exp=99.4, mp_rate=96.2%)
2026-07-18 18:00:44,405 | INFO     | [OK] Created augmented video call_023_01_aug_02.avi (blur=21.9, exp=69.4, mp_rate=100.0%)
2026-07-18 18:00:49,140 | INFO     | [OK] Created augmented video call_023_01_aug_03.avi (blur=21.3, exp=99.2, mp_rate=100.0%)
2026-07-18 18:00:50,330 | INFO     | [REJECT] Rejected augmented video call_021_02_aug_03.avi: Hand detection rate 24.7% below threshold 80.0%
2026-07-18 18:00:50,804 | INFO     | [REJECT] Rejected augmented video call_023_02_aug_02.avi: Excessive blur (laplacian var 7.3 < limit 15.0)
2026-07-18 18:00:51,374 | INFO     | [OK] Created augmented video call_023_02_aug_01.avi (blur=57.8, exp=100.4, mp_rate=100.0%)
2026-07-18 18:00:58,357 | INFO     | [REJECT] Rejected augmented video call_024_02_aug_01.avi: Excessive blur (laplacian var 7.1 < limit 15.0)
2026-07-18 18:01:00,257 | INFO     | [OK] Created augmented video call_024_01_aug_02.avi (blur=16.3, exp=81.5, mp_rate=100.0%)
2026-07-18 18:01:07,668 | INFO     | [OK] Created augmented video call_024_02_aug_02.avi (blur=226.1, exp=119.2, mp_rate=100.0%)
2026-07-18 18:01:08,947 | INFO     | [OK] Created augmented video call_024_02_aug_03.avi (blur=16.7, exp=92.5, mp_rate=100.0%)
2026-07-18 18:01:12,514 | INFO     | [OK] Created augmented video call_021_02_aug_01.avi (blur=693.9, exp=123.7, mp_rate=100.0%)
2026-07-18 18:01:13,343 | INFO     | [OK] Created augmented video call_021_02_aug_02.avi (blur=679.5, exp=125.7, mp_rate=100.0%)
2026-07-18 18:01:13,636 | INFO     | [OK] Created augmented video call_025_01_aug_02.avi (blur=76.0, exp=126.4, mp_rate=100.0%)
2026-07-18 18:01:15,408 | INFO     | [OK] Created augmented video call_022_01_aug_02.avi (blur=220.0, exp=104.1, mp_rate=98.6%)
2026-07-18 18:01:17,227 | INFO     | [OK] Created augmented video call_020_02_aug_02.avi (blur=4343.5, exp=119.0, mp_rate=100.0%)
2026-07-18 18:01:25,669 | INFO     | [OK] Created augmented video call_025_01_aug_03.avi (blur=116.9, exp=116.7, mp_rate=100.0%)
2026-07-18 18:01:29,323 | INFO     | [OK] Created augmented video call_023_02_aug_03.avi (blur=252.9, exp=107.9, mp_rate=100.0%)
2026-07-18 18:01:29,360 | INFO     | [REJECT] Rejected augmented video call_025_02_aug_03.avi: Excessive blur (laplacian var 8.3 < limit 15.0)
2026-07-18 18:01:29,542 | INFO     | [OK] Created augmented video call_025_02_aug_02.avi (blur=45.7, exp=154.6, mp_rate=100.0%)
2026-07-18 18:01:29,779 | INFO     | [OK] Created augmented video call_025_02_aug_01.avi (blur=92.2, exp=117.4, mp_rate=100.0%)
2026-07-18 18:01:37,370 | INFO     | [OK] Created augmented video call_025_01_aug_01.avi (blur=199.0, exp=124.6, mp_rate=100.0%)
2026-07-18 18:01:37,398 | INFO     | [OK] Created augmented video call_026_01_aug_01.avi (blur=26.3, exp=117.9, mp_rate=98.7%)
2026-07-18 18:01:43,345 | INFO     | [OK] Created augmented video call_024_01_aug_01.avi (blur=649.7, exp=103.4, mp_rate=100.0%)
2026-07-18 18:01:45,361 | INFO     | [OK] Created augmented video call_024_01_aug_03.avi (blur=3503.5, exp=111.6, mp_rate=100.0%)
2026-07-18 18:01:49,843 | INFO     | [OK] Created augmented video call_026_01_aug_03.avi (blur=15.3, exp=105.6, mp_rate=100.0%)
2026-07-18 18:01:50,108 | INFO     | [OK] Created augmented video call_023_01_aug_01.avi (blur=1276.3, exp=96.6, mp_rate=100.0%)
2026-07-18 18:01:51,234 | INFO     | [REJECT] Rejected augmented video call_026_02_aug_01.avi: Excessive blur (laplacian var 14.3 < limit 15.0)
2026-07-18 18:01:51,573 | INFO     | [OK] Created augmented video call_026_02_aug_02.avi (blur=34.6, exp=122.5, mp_rate=100.0%)
2026-07-18 18:01:53,783 | INFO     | [OK] Created augmented video call_026_02_aug_03.avi (blur=38.0, exp=103.2, mp_rate=100.0%)
2026-07-18 18:02:02,558 | INFO     | [REJECT] Rejected augmented video doctor001_01_aug_02.avi: Excessive blur (laplacian var 3.3 < limit 15.0)
2026-07-18 18:02:02,562 | INFO     | [OK] Created augmented video doctor001_01_aug_01.avi (blur=117.0, exp=94.0, mp_rate=100.0%)
2026-07-18 18:02:10,587 | INFO     | [REJECT] Rejected augmented video doctor001_02_aug_01.avi: Excessive blur (laplacian var 4.3 < limit 15.0)
2026-07-18 18:02:13,968 | INFO     | [OK] Created augmented video doctor002_01_aug_03.avi (blur=54.6, exp=100.1, mp_rate=100.0%)
2026-07-18 18:02:14,562 | INFO     | [OK] Created augmented video doctor001_02_aug_02.avi (blur=31.1, exp=91.5, mp_rate=100.0%)
2026-07-18 18:02:14,757 | INFO     | [REJECT] Rejected augmented video doctor001_01_aug_03.avi: Hand detection rate 14.3% below threshold 80.0%
2026-07-18 18:02:17,891 | INFO     | [OK] Created augmented video call_026_01_aug_02.avi (blur=116.2, exp=123.8, mp_rate=100.0%)
2026-07-18 18:02:18,235 | INFO     | [REJECT] Rejected augmented video doctor002_01_aug_02.avi: Hand detection rate 0.0% below threshold 80.0%
2026-07-18 18:02:18,829 | INFO     | [REJECT] Rejected augmented video doctor002_01_aug_01.avi: Hand detection rate 9.7% below threshold 80.0%
2026-07-18 18:02:23,143 | INFO     | [REJECT] Rejected augmented video doctor001_02_aug_03.avi: Hand detection rate 52.9% below threshold 80.0%
2026-07-18 18:02:28,260 | INFO     | [REJECT] Rejected augmented video doctor002_02_aug_01.avi: Excessive blur (laplacian var 14.6 < limit 15.0)
2026-07-18 18:02:28,260 | INFO     | [OK] Created augmented video doctor002_02_aug_02.avi (blur=26.5, exp=128.3, mp_rate=97.8%)
2026-07-18 18:02:35,878 | INFO     | [OK] Created augmented video doctor002_02_aug_03.avi (blur=20.6, exp=77.3, mp_rate=98.9%)
2026-07-18 18:02:42,826 | INFO     | [REJECT] Rejected augmented video doctor003_02_aug_01.avi: Excessive blur (laplacian var 4.7 < limit 15.0)
2026-07-18 18:02:42,995 | INFO     | [REJECT] Rejected augmented video doctor004_01_aug_01.avi: Hand detection rate 1.5% below threshold 80.0%
2026-07-18 18:02:43,100 | INFO     | [REJECT] Rejected augmented video doctor003_02_aug_02.avi: Hand detection rate 0.0% below threshold 80.0%
2026-07-18 18:02:44,784 | INFO     | [REJECT] Rejected augmented video doctor004_01_aug_02.avi: Hand detection rate 1.5% below threshold 80.0%
2026-07-18 18:02:44,961 | INFO     | [REJECT] Rejected augmented video doctor003_01_aug_01.avi: Hand detection rate 72.0% below threshold 80.0%
2026-07-18 18:02:45,665 | INFO     | [REJECT] Rejected augmented video doctor003_02_aug_03.avi: Underexposure (mean luma 33.0 < limit 35.0)
2026-07-18 18:02:46,688 | INFO     | [REJECT] Rejected augmented video doctor004_01_aug_03.avi: Hand detection rate 7.4% below threshold 80.0%
2026-07-18 18:02:48,790 | INFO     | [REJECT] Rejected augmented video doctor003_01_aug_03.avi: Hand detection rate 31.4% below threshold 80.0%
2026-07-18 18:02:49,588 | INFO     | [REJECT] Rejected augmented video doctor003_01_aug_02.avi: Hand detection rate 4.2% below threshold 80.0%
2026-07-18 18:02:54,802 | INFO     | [REJECT] Rejected augmented video doctor004_02_aug_01.avi: Hand detection rate 0.0% below threshold 80.0%
2026-07-18 18:02:58,344 | INFO     | [OK] Created augmented video doctor005_02_aug_02.avi (blur=16.6, exp=137.6, mp_rate=100.0%)
2026-07-18 18:02:59,310 | INFO     | [REJECT] Rejected augmented video doctor004_02_aug_02.avi: Hand detection rate 12.5% below threshold 80.0%
2026-07-18 18:02:59,337 | INFO     | [REJECT] Rejected augmented video doctor005_02_aug_01.avi: Hand detection rate 26.0% below threshold 80.0%
2026-07-18 18:03:02,710 | INFO     | [OK] Created augmented video doctor005_01_aug_01.avi (blur=19.0, exp=94.5, mp_rate=100.0%)
2026-07-18 18:03:03,438 | INFO     | [REJECT] Rejected augmented video doctor004_02_aug_03.avi: Hand detection rate 0.0% below threshold 80.0%
2026-07-18 18:03:03,485 | INFO     | [OK] Created augmented video doctor005_02_aug_03.avi (blur=736.7, exp=84.7, mp_rate=100.0%)
2026-07-18 18:03:05,080 | INFO     | [OK] Created augmented video doctor005_01_aug_03.avi (blur=26.0, exp=113.6, mp_rate=98.8%)
2026-07-18 18:03:07,751 | INFO     | [REJECT] Rejected augmented video doctor005_01_aug_02.avi: Hand detection rate 0.0% below threshold 80.0%
2026-07-18 18:03:12,042 | INFO     | [REJECT] Rejected augmented video doctor006_01_aug_01.avi: Hand detection rate 5.1% below threshold 80.0%
2026-07-18 18:03:14,459 | INFO     | [REJECT] Rejected augmented video doctor006_01_aug_02.avi: Hand detection rate 65.8% below threshold 80.0%
2026-07-18 18:03:18,242 | INFO     | [REJECT] Rejected augmented video doctor006_01_aug_03.avi: Hand detection rate 25.3% below threshold 80.0%
2026-07-18 18:03:20,997 | INFO     | [OK] Created augmented video doctor006_02_aug_02.avi (blur=19.7, exp=112.7, mp_rate=98.8%)
2026-07-18 18:03:21,112 | INFO     | [OK] Created augmented video doctor006_02_aug_01.avi (blur=72.0, exp=79.3, mp_rate=100.0%)
2026-07-18 18:03:27,071 | INFO     | [REJECT] Rejected augmented video doctor006_02_aug_03.avi: Hand detection rate 15.5% below threshold 80.0%
2026-07-18 18:03:33,488 | INFO     | [OK] Created augmented video doctor007_01_aug_03.avi (blur=16.3, exp=88.7, mp_rate=100.0%)
2026-07-18 18:03:34,860 | INFO     | [REJECT] Rejected augmented video doctor007_01_aug_02.avi: Hand detection rate 68.9% below threshold 80.0%
2026-07-18 18:03:36,094 | INFO     | [REJECT] Rejected augmented video doctor007_01_aug_01.avi: Hand detection rate 0.0% below threshold 80.0%
2026-07-18 18:03:45,291 | INFO     | [OK] Created augmented video doctor007_02_aug_01.avi (blur=30.9, exp=125.4, mp_rate=100.0%)
2026-07-18 18:03:50,149 | INFO     | [REJECT] Rejected augmented video doctor007_02_aug_02.avi: Excessive blur (laplacian var 10.0 < limit 15.0)
2026-07-18 18:03:52,435 | INFO     | [REJECT] Rejected augmented video doctor008_02_aug_01.avi: Excessive blur (laplacian var 8.7 < limit 15.0)
2026-07-18 18:03:52,891 | INFO     | [REJECT] Rejected augmented video doctor007_02_aug_03.avi: Excessive blur (laplacian var 11.6 < limit 15.0)
2026-07-18 18:03:53,313 | INFO     | [REJECT] Rejected augmented video doctor008_01_aug_01.avi: Hand detection rate 72.3% below threshold 80.0%
2026-07-18 18:03:55,905 | INFO     | [OK] Created augmented video doctor008_01_aug_02.avi (blur=21.6, exp=80.2, mp_rate=99.2%)
2026-07-18 18:03:58,056 | INFO     | [REJECT] Rejected augmented video doctor008_02_aug_02.avi: Excessive blur (laplacian var 11.7 < limit 15.0)
2026-07-18 18:03:58,933 | INFO     | [OK] Created augmented video doctor008_02_aug_03.avi (blur=18.5, exp=57.4, mp_rate=100.0%)
2026-07-18 18:03:59,682 | INFO     | [REJECT] Rejected augmented video doctor008_01_aug_03.avi: Hand detection rate 0.8% below threshold 80.0%
2026-07-18 18:04:01,407 | INFO     | [REJECT] Rejected augmented video doctor009_01_aug_01.avi: Excessive blur (laplacian var 2.5 < limit 15.0)
2026-07-18 18:04:07,360 | INFO     | [REJECT] Rejected augmented video doctor009_01_aug_02.avi: Excessive blur (laplacian var 11.0 < limit 15.0)
2026-07-18 18:04:10,886 | INFO     | [REJECT] Rejected augmented video doctor009_01_aug_03.avi: Excessive blur (laplacian var 9.0 < limit 15.0)
2026-07-18 18:04:11,939 | INFO     | [REJECT] Rejected augmented video doctor009_02_aug_01.avi: Excessive blur (laplacian var 12.1 < limit 15.0)
2026-07-18 18:04:15,566 | INFO     | [REJECT] Rejected augmented video doctor009_02_aug_02.avi: Hand detection rate 0.0% below threshold 80.0%
2026-07-18 18:04:16,539 | INFO     | [REJECT] Rejected augmented video doctor010_02_aug_01.avi: Excessive blur (laplacian var 14.1 < limit 15.0)
2026-07-18 18:04:17,553 | INFO     | [REJECT] Rejected augmented video doctor009_02_aug_03.avi: Hand detection rate 0.0% below threshold 80.0%
2026-07-18 18:04:18,583 | INFO     | [REJECT] Rejected augmented video doctor010_02_aug_02.avi: Excessive blur (laplacian var 7.8 < limit 15.0)
2026-07-18 18:04:21,091 | INFO     | [REJECT] Rejected augmented video doctor010_01_aug_01.avi: Hand detection rate 25.5% below threshold 80.0%
2026-07-18 18:04:23,069 | INFO     | [REJECT] Rejected augmented video doctor010_01_aug_02.avi: Hand detection rate 0.0% below threshold 80.0%
2026-07-18 18:04:24,249 | INFO     | [REJECT] Rejected augmented video doctor010_01_aug_03.avi: Hand detection rate 0.0% below threshold 80.0%
2026-07-18 18:04:28,180 | INFO     | [REJECT] Rejected augmented video doctor010_02_aug_03.avi: Hand detection rate 7.6% below threshold 80.0%
2026-07-18 18:04:31,345 | INFO     | [OK] Created augmented video doctor011_01_aug_01.avi (blur=19.2, exp=103.2, mp_rate=99.0%)
2026-07-18 18:04:35,212 | INFO     | [OK] Created augmented video doctor011_02_aug_01.avi (blur=41.2, exp=86.1, mp_rate=81.3%)
2026-07-18 18:04:36,275 | INFO     | [REJECT] Rejected augmented video doctor011_02_aug_03.avi: Hand detection rate 0.0% below threshold 80.0%
2026-07-18 18:04:36,522 | INFO     | [REJECT] Rejected augmented video doctor011_01_aug_02.avi: Hand detection rate 22.7% below threshold 80.0%
2026-07-18 18:04:38,140 | INFO     | [REJECT] Rejected augmented video doctor011_01_aug_03.avi: Hand detection rate 0.0% below threshold 80.0%
2026-07-18 18:04:38,826 | INFO     | [REJECT] Rejected augmented video doctor012_01_aug_03.avi: Hand detection rate 10.5% below threshold 80.0%
2026-07-18 18:04:38,857 | INFO     | [REJECT] Rejected augmented video doctor012_01_aug_02.avi: Hand detection rate 0.0% below threshold 80.0%
2026-07-18 18:04:39,461 | INFO     | [REJECT] Rejected augmented video doctor012_01_aug_01.avi: Hand detection rate 0.0% below threshold 80.0%
2026-07-18 18:04:40,629 | INFO     | [REJECT] Rejected augmented video doctor011_02_aug_02.avi: Hand detection rate 26.4% below threshold 80.0%
2026-07-18 18:04:46,683 | INFO     | [REJECT] Rejected augmented video doctor012_02_aug_01.avi: Excessive blur (laplacian var 4.3 < limit 15.0)
2026-07-18 18:04:49,100 | INFO     | [REJECT] Rejected augmented video doctor012_02_aug_02.avi: Excessive blur (laplacian var 11.0 < limit 15.0)
2026-07-18 18:04:58,421 | INFO     | [REJECT] Rejected augmented video doctor012_02_aug_03.avi: Hand detection rate 0.0% below threshold 80.0%
2026-07-18 18:05:04,533 | INFO     | [REJECT] Rejected augmented video doctor013_01_aug_01.avi: Excessive blur (laplacian var 7.3 < limit 15.0)
2026-07-18 18:05:04,968 | INFO     | [OK] Created augmented video doctor013_01_aug_02.avi (blur=97.2, exp=99.4, mp_rate=89.7%)
2026-07-18 18:05:07,233 | INFO     | [REJECT] Rejected augmented video doctor013_02_aug_02.avi: Excessive blur (laplacian var 3.9 < limit 15.0)
2026-07-18 18:05:07,251 | INFO     | [OK] Created augmented video doctor013_02_aug_01.avi (blur=70.9, exp=100.3, mp_rate=100.0%)
2026-07-18 18:05:08,327 | INFO     | [OK] Created augmented video doctor013_02_aug_03.avi (blur=19.8, exp=109.5, mp_rate=100.0%)
2026-07-18 18:05:09,936 | INFO     | [REJECT] Rejected augmented video doctor013_01_aug_03.avi: Hand detection rate 60.8% below threshold 80.0%
2026-07-18 18:05:11,849 | INFO     | [REJECT] Rejected augmented video doctor014_01_aug_01.avi: Hand detection rate 7.3% below threshold 80.0%
2026-07-18 18:05:18,423 | INFO     | [REJECT] Rejected augmented video doctor014_01_aug_03.avi: Hand detection rate 26.4% below threshold 80.0%
2026-07-18 18:05:20,879 | INFO     | [REJECT] Rejected augmented video doctor014_02_aug_01.avi: Excessive blur (laplacian var 4.1 < limit 15.0)
2026-07-18 18:05:21,191 | INFO     | [REJECT] Rejected augmented video doctor014_01_aug_02.avi: Hand detection rate 0.0% below threshold 80.0%
2026-07-18 18:05:25,721 | INFO     | [REJECT] Rejected augmented video doctor014_02_aug_02.avi: Excessive blur (laplacian var 7.6 < limit 15.0)
2026-07-18 18:05:26,167 | INFO     | [REJECT] Rejected augmented video doctor014_02_aug_03.avi: Hand detection rate 0.0% below threshold 80.0%
2026-07-18 18:05:30,437 | INFO     | [REJECT] Rejected augmented video doctor015_01_aug_03.avi: Excessive blur (laplacian var 6.2 < limit 15.0)
2026-07-18 18:05:33,970 | INFO     | [REJECT] Rejected augmented video doctor015_01_aug_02.avi: Hand detection rate 23.7% below threshold 80.0%
2026-07-18 18:05:34,956 | INFO     | [REJECT] Rejected augmented video doctor015_01_aug_01.avi: Hand detection rate 0.0% below threshold 80.0%
2026-07-18 18:05:36,201 | INFO     | [REJECT] Rejected augmented video doctor015_02_aug_01.avi: Excessive blur (laplacian var 10.9 < limit 15.0)
2026-07-18 18:05:42,814 | INFO     | [REJECT] Rejected augmented video doctor016_01_aug_02.avi: Hand detection rate 0.0% below threshold 80.0%
2026-07-18 18:05:44,040 | INFO     | [OK] Created augmented video doctor015_02_aug_02.avi (blur=764.1, exp=77.2, mp_rate=100.0%)
2026-07-18 18:05:46,458 | INFO     | [REJECT] Rejected augmented video doctor016_01_aug_01.avi: Hand detection rate 20.5% below threshold 80.0%
2026-07-18 18:05:46,773 | INFO     | [REJECT] Rejected augmented video doctor016_01_aug_03.avi: Excessive blur (laplacian var 9.3 < limit 15.0)
2026-07-18 18:05:49,991 | INFO     | [OK] Created augmented video doctor015_02_aug_03.avi (blur=544.3, exp=77.2, mp_rate=100.0%)
2026-07-18 18:05:51,175 | INFO     | [REJECT] Rejected augmented video doctor016_02_aug_02.avi: Hand detection rate 55.1% below threshold 80.0%
2026-07-18 18:05:53,698 | INFO     | [REJECT] Rejected augmented video doctor017_01_aug_02.avi: Excessive blur (laplacian var 8.0 < limit 15.0)
2026-07-18 18:05:53,906 | INFO     | [REJECT] Rejected augmented video doctor016_02_aug_03.avi: Hand detection rate 0.0% below threshold 80.0%
2026-07-18 18:05:56,584 | INFO     | [REJECT] Rejected augmented video doctor016_02_aug_01.avi: Hand detection rate 4.5% below threshold 80.0%
2026-07-18 18:05:58,755 | INFO     | [REJECT] Rejected augmented video doctor017_02_aug_01.avi: Hand detection rate 0.0% below threshold 80.0%
2026-07-18 18:06:02,953 | INFO     | [REJECT] Rejected augmented video doctor017_01_aug_01.avi: Hand detection rate 0.0% below threshold 80.0%
2026-07-18 18:06:07,798 | INFO     | [REJECT] Rejected augmented video doctor017_01_aug_03.avi: Underexposure (mean luma 18.1 < limit 35.0)
2026-07-18 18:06:08,461 | INFO     | [REJECT] Rejected augmented video doctor017_02_aug_02.avi: Hand detection rate 0.0% below threshold 80.0%
2026-07-18 18:06:12,409 | INFO     | [REJECT] Rejected augmented video doctor017_02_aug_03.avi: Hand detection rate 0.0% below threshold 80.0%
2026-07-18 18:06:14,040 | INFO     | [OK] Created augmented video doctor018_01_aug_02.avi (blur=29.6, exp=72.6, mp_rate=100.0%)
2026-07-18 18:06:18,290 | INFO     | [REJECT] Rejected augmented video doctor018_01_aug_03.avi: Excessive blur (laplacian var 5.5 < limit 15.0)
2026-07-18 18:06:18,380 | INFO     | [REJECT] Rejected augmented video doctor018_01_aug_01.avi: Hand detection rate 72.4% below threshold 80.0%
2026-07-18 18:06:22,318 | INFO     | [OK] Created augmented video doctor018_02_aug_01.avi (blur=122.1, exp=86.7, mp_rate=96.6%)
2026-07-18 18:06:22,985 | INFO     | [OK] Created augmented video doctor018_02_aug_02.avi (blur=16.0, exp=73.5, mp_rate=100.0%)
2026-07-18 18:06:25,320 | INFO     | [OK] Created augmented video doctor018_02_aug_03.avi (blur=45.5, exp=100.1, mp_rate=83.0%)
2026-07-18 18:06:29,024 | INFO     | [REJECT] Rejected augmented video doctor019_01_aug_01.avi: Hand detection rate 74.0% below threshold 80.0%
2026-07-18 18:06:30,687 | INFO     | [REJECT] Rejected augmented video doctor019_01_aug_02.avi: Excessive blur (laplacian var 6.4 < limit 15.0)
2026-07-18 18:06:31,209 | INFO     | [REJECT] Rejected augmented video doctor019_01_aug_03.avi: Excessive blur (laplacian var 13.5 < limit 15.0)
2026-07-18 18:06:34,230 | INFO     | [OK] Created augmented video doctor019_02_aug_01.avi (blur=34.6, exp=62.3, mp_rate=100.0%)
2026-07-18 18:06:35,394 | INFO     | [OK] Created augmented video doctor019_02_aug_02.avi (blur=18.5, exp=64.3, mp_rate=100.0%)
2026-07-18 18:06:37,049 | INFO     | [REJECT] Rejected augmented video doctor020_01_aug_01.avi: Hand detection rate 1.4% below threshold 80.0%
2026-07-18 18:06:38,563 | INFO     | [OK] Created augmented video doctor019_02_aug_03.avi (blur=36.9, exp=56.3, mp_rate=100.0%)
2026-07-18 18:06:40,141 | INFO     | [REJECT] Rejected augmented video doctor020_01_aug_02.avi: Hand detection rate 0.0% below threshold 80.0%
2026-07-18 18:06:40,623 | INFO     | [REJECT] Rejected augmented video doctor020_01_aug_03.avi: Excessive blur (laplacian var 4.4 < limit 15.0)
2026-07-18 18:06:52,770 | INFO     | [OK] Created augmented video doctor020_02_aug_01.avi (blur=16.5, exp=96.0, mp_rate=98.2%)
2026-07-18 18:06:53,561 | INFO     | [REJECT] Rejected augmented video doctor021_01_aug_01.avi: Hand detection rate 57.6% below threshold 80.0%
2026-07-18 18:06:55,877 | INFO     | [REJECT] Rejected augmented video doctor020_02_aug_02.avi: Hand detection rate 0.0% below threshold 80.0%
2026-07-18 18:06:56,175 | INFO     | [OK] Created augmented video doctor021_01_aug_02.avi (blur=20.5, exp=73.7, mp_rate=88.0%)
2026-07-18 18:06:57,360 | INFO     | [REJECT] Rejected augmented video doctor020_02_aug_03.avi: Hand detection rate 35.7% below threshold 80.0%
2026-07-18 18:07:01,396 | INFO     | [OK] Created augmented video doctor021_01_aug_03.avi (blur=2091.0, exp=89.6, mp_rate=88.0%)
2026-07-18 18:07:01,938 | INFO     | [REJECT] Rejected augmented video doctor021_02_aug_01.avi: Excessive blur (laplacian var 13.8 < limit 15.0)
2026-07-18 18:07:03,177 | INFO     | [REJECT] Rejected augmented video doctor021_02_aug_02.avi: Excessive blur (laplacian var 11.9 < limit 15.0)
2026-07-18 18:07:09,441 | INFO     | [OK] Created augmented video doctor021_02_aug_03.avi (blur=3454.9, exp=96.6, mp_rate=97.2%)
2026-07-18 18:07:12,089 | INFO     | [REJECT] Rejected augmented video doctor022_01_aug_01.avi: Hand detection rate 0.0% below threshold 80.0%
2026-07-18 18:07:13,562 | INFO     | [REJECT] Rejected augmented video doctor022_02_aug_01.avi: Hand detection rate 0.0% below threshold 80.0%
2026-07-18 18:07:13,693 | INFO     | [REJECT] Rejected augmented video doctor022_02_aug_02.avi: Hand detection rate 2.2% below threshold 80.0%
2026-07-18 18:07:15,492 | INFO     | [REJECT] Rejected augmented video doctor022_01_aug_02.avi: Hand detection rate 2.6% below threshold 80.0%
2026-07-18 18:07:19,800 | INFO     | [REJECT] Rejected augmented video doctor023_01_aug_01.avi: Excessive blur (laplacian var 13.0 < limit 15.0)
2026-07-18 18:07:20,467 | INFO     | [REJECT] Rejected augmented video doctor022_02_aug_03.avi: Hand detection rate 0.0% below threshold 80.0%
2026-07-18 18:07:20,984 | INFO     | [REJECT] Rejected augmented video doctor023_01_aug_03.avi: Hand detection rate 73.0% below threshold 80.0%
2026-07-18 18:07:21,191 | INFO     | [REJECT] Rejected augmented video doctor022_01_aug_03.avi: Hand detection rate 2.6% below threshold 80.0%
2026-07-18 18:07:23,413 | INFO     | [REJECT] Rejected augmented video doctor023_01_aug_02.avi: Hand detection rate 2.2% below threshold 80.0%
2026-07-18 18:07:31,420 | INFO     | [REJECT] Rejected augmented video doctor023_02_aug_01.avi: Hand detection rate 0.0% below threshold 80.0%
2026-07-18 18:07:34,551 | INFO     | [REJECT] Rejected augmented video doctor023_02_aug_02.avi: Hand detection rate 0.0% below threshold 80.0%
2026-07-18 18:07:38,599 | INFO     | [REJECT] Rejected augmented video doctor023_02_aug_03.avi: Hand detection rate 0.0% below threshold 80.0%
2026-07-18 18:07:39,072 | INFO     | [REJECT] Rejected augmented video doctor024_01_aug_01.avi: Excessive blur (laplacian var 13.2 < limit 15.0)
2026-07-18 18:07:42,020 | INFO     | [OK] Created augmented video doctor024_01_aug_02.avi (blur=17.2, exp=74.2, mp_rate=100.0%)
2026-07-18 18:07:50,111 | INFO     | [OK] Created augmented video doctor024_02_aug_01.avi (blur=47.8, exp=84.1, mp_rate=93.3%)
2026-07-18 18:07:50,758 | INFO     | [REJECT] Rejected augmented video doctor024_02_aug_02.avi: Excessive blur (laplacian var 6.5 < limit 15.0)
2026-07-18 18:07:50,983 | INFO     | [REJECT] Rejected augmented video doctor025_01_aug_01.avi: Excessive blur (laplacian var 9.1 < limit 15.0)
2026-07-18 18:07:51,112 | INFO     | [OK] Created augmented video doctor024_02_aug_03.avi (blur=94.5, exp=79.0, mp_rate=90.0%)
2026-07-18 18:07:51,612 | INFO     | [OK] Created augmented video doctor024_01_aug_03.avi (blur=54.5, exp=89.2, mp_rate=100.0%)
2026-07-18 18:07:58,024 | INFO     | [REJECT] Rejected augmented video doctor025_01_aug_02.avi: Excessive blur (laplacian var 8.9 < limit 15.0)
2026-07-18 18:08:00,450 | INFO     | [REJECT] Rejected augmented video doctor025_01_aug_03.avi: Excessive blur (laplacian var 4.6 < limit 15.0)
2026-07-18 18:08:04,998 | INFO     | [OK] Created augmented video doctor025_02_aug_01.avi (blur=116.3, exp=129.4, mp_rate=96.6%)
2026-07-18 18:08:07,512 | INFO     | [OK] Created augmented video doctor025_02_aug_02.avi (blur=19.6, exp=88.2, mp_rate=100.0%)
2026-07-18 18:08:11,045 | INFO     | [REJECT] Rejected augmented video doctor025_02_aug_03.avi: Hand detection rate 10.2% below threshold 80.0%
2026-07-18 18:08:14,140 | INFO     | [REJECT] Rejected augmented video doctor026_02_aug_01.avi: Excessive blur (laplacian var 14.9 < limit 15.0)
2026-07-18 18:08:17,000 | INFO     | [REJECT] Rejected augmented video doctor026_02_aug_02.avi: Hand detection rate 0.0% below threshold 80.0%
2026-07-18 18:08:17,387 | INFO     | [REJECT] Rejected augmented video doctor026_01_aug_02.avi: Excessive blur (laplacian var 11.2 < limit 15.0)
2026-07-18 18:08:21,113 | INFO     | [REJECT] Rejected augmented video doctor026_01_aug_01.avi: Hand detection rate 0.0% below threshold 80.0%
2026-07-18 18:08:21,462 | INFO     | [REJECT] Rejected augmented video doctor026_01_aug_03.avi: Hand detection rate 2.1% below threshold 80.0%
2026-07-18 18:08:21,889 | INFO     | [REJECT] Rejected augmented video doctor026_02_aug_03.avi: Hand detection rate 0.0% below threshold 80.0%
2026-07-18 18:08:27,914 | INFO     | [OK] Created augmented video doctor_001_01_aug_01.avi (blur=22.1, exp=141.1, mp_rate=100.0%)
2026-07-18 18:08:37,477 | INFO     | [OK] Created augmented video doctor_001_01_aug_02.avi (blur=151.6, exp=100.8, mp_rate=100.0%)
2026-07-18 18:08:38,542 | INFO     | [REJECT] Rejected augmented video doctor_001_01_aug_03.avi: Excessive blur (laplacian var 6.3 < limit 15.0)
2026-07-18 18:08:44,739 | INFO     | [OK] Created augmented video doctor_001_02_aug_01.avi (blur=59.4, exp=128.2, mp_rate=100.0%)
2026-07-18 18:08:47,600 | INFO     | [REJECT] Rejected augmented video doctor_002_01_aug_01.avi: Excessive blur (laplacian var 10.5 < limit 15.0)
2026-07-18 18:08:48,846 | INFO     | [REJECT] Rejected augmented video doctor_002_01_aug_03.avi: Excessive blur (laplacian var 6.5 < limit 15.0)
2026-07-18 18:08:49,535 | INFO     | [REJECT] Rejected augmented video doctor_001_02_aug_03.avi: Excessive blur (laplacian var 8.6 < limit 15.0)
2026-07-18 18:09:09,754 | INFO     | [OK] Created augmented video doctor_003_02_aug_01.avi (blur=43.7, exp=93.5, mp_rate=100.0%)
2026-07-18 18:09:10,595 | INFO     | [REJECT] Rejected augmented video doctor_003_02_aug_02.avi: Excessive blur (laplacian var 14.0 < limit 15.0)
2026-07-18 18:09:12,866 | INFO     | [OK] Created augmented video doctor_003_01_aug_02.avi (blur=53.8, exp=95.0, mp_rate=95.8%)
2026-07-18 18:09:13,393 | INFO     | [OK] Created augmented video doctor_002_01_aug_02.avi (blur=1359.7, exp=117.3, mp_rate=100.0%)
2026-07-18 18:09:16,335 | INFO     | [OK] Created augmented video doctor_001_02_aug_02.avi (blur=720.1, exp=118.6, mp_rate=100.0%)
2026-07-18 18:09:24,088 | INFO     | [OK] Created augmented video doctor_004_01_aug_02.avi (blur=23.6, exp=84.1, mp_rate=100.0%)
2026-07-18 18:09:24,652 | INFO     | [OK] Created augmented video doctor_004_01_aug_03.avi (blur=64.6, exp=107.9, mp_rate=100.0%)
2026-07-18 18:09:32,802 | INFO     | [OK] Created augmented video doctor_002_02_aug_03.avi (blur=484.9, exp=137.7, mp_rate=100.0%)
2026-07-18 18:09:34,597 | INFO     | [OK] Created augmented video doctor_002_02_aug_01.avi (blur=2415.3, exp=131.5, mp_rate=100.0%)
2026-07-18 18:09:40,174 | INFO     | [OK] Created augmented video doctor_004_02_aug_03.avi (blur=16.4, exp=110.6, mp_rate=100.0%)
2026-07-18 18:09:40,174 | INFO     | [REJECT] Rejected augmented video doctor_004_02_aug_02.avi: Excessive blur (laplacian var 7.8 < limit 15.0)
2026-07-18 18:09:41,839 | INFO     | [OK] Created augmented video doctor_002_02_aug_02.avi (blur=2596.0, exp=111.4, mp_rate=100.0%)
2026-07-18 18:09:49,439 | INFO     | [OK] Created augmented video doctor_005_01_aug_02.avi (blur=77.9, exp=116.3, mp_rate=100.0%)
2026-07-18 18:09:49,469 | INFO     | [OK] Created augmented video doctor_005_01_aug_01.avi (blur=33.9, exp=118.7, mp_rate=100.0%)
2026-07-18 18:09:49,473 | INFO     | [REJECT] Rejected augmented video doctor_003_01_aug_01.avi: Hand detection rate 63.6% below threshold 80.0%
2026-07-18 18:09:57,884 | INFO     | [OK] Created augmented video doctor_006_01_aug_01.avi (blur=21.1, exp=115.2, mp_rate=100.0%)
2026-07-18 18:10:08,618 | INFO     | [OK] Created augmented video doctor_006_01_aug_03.avi (blur=60.5, exp=118.2, mp_rate=100.0%)
2026-07-18 18:10:10,093 | INFO     | [OK] Created augmented video doctor_003_02_aug_03.avi (blur=73.4, exp=118.3, mp_rate=100.0%)
2026-07-18 18:10:15,522 | INFO     | [OK] Created augmented video doctor_005_02_aug_01.avi (blur=426.3, exp=109.5, mp_rate=100.0%)
2026-07-18 18:10:17,702 | INFO     | [OK] Created augmented video doctor_005_02_aug_02.avi (blur=929.0, exp=117.6, mp_rate=100.0%)
2026-07-18 18:10:20,668 | INFO     | [REJECT] Rejected augmented video doctor_006_02_aug_02.avi: Excessive blur (laplacian var 12.2 < limit 15.0)
2026-07-18 18:10:25,992 | INFO     | [OK] Created augmented video doctor_005_02_aug_03.avi (blur=462.6, exp=109.5, mp_rate=100.0%)
2026-07-18 18:10:27,884 | INFO     | [OK] Created augmented video doctor_006_02_aug_03.avi (blur=40.2, exp=116.0, mp_rate=100.0%)
2026-07-18 18:10:35,943 | INFO     | [OK] Created augmented video doctor_004_02_aug_01.avi (blur=867.4, exp=111.7, mp_rate=100.0%)
2026-07-18 18:10:39,022 | INFO     | [OK] Created augmented video doctor_005_01_aug_03.avi (blur=403.4, exp=115.8, mp_rate=100.0%)
2026-07-18 18:10:40,345 | INFO     | [OK] Created augmented video doctor_007_02_aug_01.avi (blur=38.2, exp=130.1, mp_rate=100.0%)
2026-07-18 18:10:45,224 | INFO     | [OK] Created augmented video doctor_006_01_aug_02.avi (blur=94.2, exp=93.3, mp_rate=100.0%)
2026-07-18 18:10:55,176 | INFO     | [OK] Created augmented video doctor_008_01_aug_01.avi (blur=15.3, exp=113.5, mp_rate=100.0%)
2026-07-18 18:11:03,720 | INFO     | [OK] Created augmented video doctor_004_01_aug_01.avi (blur=3031.4, exp=110.6, mp_rate=82.4%)
2026-07-18 18:11:06,103 | INFO     | [OK] Created augmented video doctor_006_02_aug_01.avi (blur=569.7, exp=110.8, mp_rate=100.0%)
2026-07-18 18:11:12,743 | INFO     | [OK] Created augmented video doctor_008_01_aug_03.avi (blur=23.9, exp=106.6, mp_rate=100.0%)
2026-07-18 18:11:21,039 | INFO     | [OK] Created augmented video doctor_008_02_aug_01.avi (blur=32.6, exp=83.3, mp_rate=100.0%)
2026-07-18 18:11:23,588 | INFO     | [OK] Created augmented video doctor_008_02_aug_02.avi (blur=69.4, exp=141.2, mp_rate=100.0%)
2026-07-18 18:11:28,656 | INFO     | [OK] Created augmented video doctor_008_02_aug_03.avi (blur=112.6, exp=81.2, mp_rate=100.0%)
2026-07-18 18:11:33,656 | INFO     | [OK] Created augmented video doctor_009_01_aug_01.avi (blur=20.1, exp=86.0, mp_rate=100.0%)
2026-07-18 18:11:41,398 | INFO     | [REJECT] Rejected augmented video doctor_009_02_aug_01.avi: Excessive blur (laplacian var 13.1 < limit 15.0)
2026-07-18 18:11:45,654 | INFO     | [REJECT] Rejected augmented video doctor_003_01_aug_03.avi: Hand detection rate 10.2% below threshold 80.0%
2026-07-18 18:11:54,881 | INFO     | [OK] Created augmented video doctor_009_02_aug_03.avi (blur=16.6, exp=77.9, mp_rate=100.0%)
2026-07-18 18:12:03,685 | INFO     | [OK] Created augmented video doctor_010_01_aug_01.avi (blur=45.1, exp=103.2, mp_rate=100.0%)
2026-07-18 18:12:11,305 | INFO     | [REJECT] Rejected augmented video doctor_007_01_aug_01.avi: Hand detection rate 19.8% below threshold 80.0%
2026-07-18 18:12:13,426 | INFO     | [OK] Created augmented video doctor_010_01_aug_02.avi (blur=119.5, exp=123.5, mp_rate=100.0%)
2026-07-18 18:12:15,337 | INFO     | [REJECT] Rejected augmented video doctor_007_01_aug_02.avi: Hand detection rate 22.6% below threshold 80.0%
2026-07-18 18:12:30,042 | INFO     | [REJECT] Rejected augmented video doctor_010_01_aug_03.avi: Excessive blur (laplacian var 4.2 < limit 15.0)
2026-07-18 18:12:30,692 | INFO     | [REJECT] Rejected augmented video doctor_010_02_aug_02.avi: Excessive blur (laplacian var 6.8 < limit 15.0)
2026-07-18 18:12:32,671 | INFO     | [OK] Created augmented video doctor_010_02_aug_01.avi (blur=16.4, exp=136.0, mp_rate=100.0%)
2026-07-18 18:12:40,258 | INFO     | [OK] Created augmented video doctor_010_02_aug_03.avi (blur=26.6, exp=109.3, mp_rate=100.0%)
2026-07-18 18:12:51,440 | INFO     | [REJECT] Rejected augmented video doctor_007_02_aug_02.avi: Hand detection rate 25.0% below threshold 80.0%
2026-07-18 18:12:51,792 | INFO     | [REJECT] Rejected augmented video doctor_011_01_aug_01.avi: Hand detection rate 77.3% below threshold 80.0%
2026-07-18 18:12:55,675 | INFO     | [REJECT] Rejected augmented video doctor_009_01_aug_02.avi: Hand detection rate 47.8% below threshold 80.0%
2026-07-18 18:12:57,907 | INFO     | [OK] Created augmented video doctor_011_01_aug_03.avi (blur=37.0, exp=106.4, mp_rate=100.0%)
2026-07-18 18:13:01,801 | INFO     | [REJECT] Rejected augmented video doctor_009_01_aug_03.avi: Hand detection rate 0.0% below threshold 80.0%
2026-07-18 18:13:05,694 | INFO     | [REJECT] Rejected augmented video doctor_007_01_aug_03.avi: Hand detection rate 67.9% below threshold 80.0%
2026-07-18 18:13:07,725 | INFO     | [OK] Created augmented video doctor_009_02_aug_02.avi (blur=880.3, exp=79.6, mp_rate=100.0%)
2026-07-18 18:13:16,139 | INFO     | [OK] Created augmented video doctor_011_02_aug_01.avi (blur=19.8, exp=112.9, mp_rate=100.0%)
2026-07-18 18:13:25,275 | INFO     | [OK] Created augmented video doctor_008_01_aug_02.avi (blur=2455.6, exp=106.9, mp_rate=100.0%)
2026-07-18 18:13:25,565 | INFO     | [OK] Created augmented video doctor_011_02_aug_03.avi (blur=24.0, exp=90.2, mp_rate=100.0%)
2026-07-18 18:13:26,888 | INFO     | [OK] Created augmented video doctor_012_001_aug_01.avi (blur=31.9, exp=121.5, mp_rate=100.0%)
2026-07-18 18:13:30,107 | INFO     | [OK] Created augmented video doctor_012_001_aug_02.avi (blur=21.8, exp=97.9, mp_rate=100.0%)
2026-07-18 18:13:32,866 | INFO     | [REJECT] Rejected augmented video doctor_007_02_aug_03.avi: Hand detection rate 34.1% below threshold 80.0%
2026-07-18 18:13:36,148 | INFO     | [OK] Created augmented video doctor_012_001_aug_03.avi (blur=21.7, exp=110.2, mp_rate=100.0%)
2026-07-18 18:13:38,395 | INFO     | [OK] Created augmented video doctor_012_002_aug_01.avi (blur=16.9, exp=109.9, mp_rate=100.0%)
2026-07-18 18:13:40,114 | INFO     | [REJECT] Rejected augmented video doctor_011_01_aug_02.avi: Hand detection rate 1.0% below threshold 80.0%
2026-07-18 18:13:45,128 | INFO     | [OK] Created augmented video doctor_011_02_aug_02.avi (blur=175.9, exp=94.4, mp_rate=100.0%)
2026-07-18 18:13:47,657 | INFO     | [OK] Created augmented video doctor_012_002_aug_02.avi (blur=20.5, exp=94.0, mp_rate=100.0%)
2026-07-18 18:13:55,841 | INFO     | [REJECT] Rejected augmented video doctor_012_002_aug_03.avi: Excessive blur (laplacian var 10.8 < limit 15.0)
2026-07-18 18:14:05,892 | INFO     | [REJECT] Rejected augmented video doctor_013_01_aug_01.avi: Excessive blur (laplacian var 14.5 < limit 15.0)
2026-07-18 18:14:06,112 | INFO     | [OK] Created augmented video doctor_013_01_aug_02.avi (blur=15.9, exp=146.8, mp_rate=100.0%)
2026-07-18 18:14:07,189 | INFO     | [OK] Created augmented video doctor_013_01_aug_03.avi (blur=20.8, exp=116.0, mp_rate=100.0%)
2026-07-18 18:14:14,450 | INFO     | [REJECT] Rejected augmented video doctor_013_02_aug_02.avi: Excessive blur (laplacian var 8.0 < limit 15.0)
2026-07-18 18:14:25,317 | INFO     | [REJECT] Rejected augmented video doctor_014_01_aug_03.avi: Excessive blur (laplacian var 9.0 < limit 15.0)
2026-07-18 18:14:25,770 | INFO     | [OK] Created augmented video doctor_014_01_aug_02.avi (blur=16.1, exp=104.8, mp_rate=97.3%)
2026-07-18 18:14:27,494 | INFO     | [REJECT] Rejected augmented video doctor_013_02_aug_01.avi: Hand detection rate 30.5% below threshold 80.0%
2026-07-18 18:14:30,716 | INFO     | [REJECT] Rejected augmented video doctor_014_02_aug_02.avi: Hand detection rate 10.1% below threshold 80.0%
2026-07-18 18:14:30,836 | INFO     | [OK] Created augmented video doctor_014_02_aug_03.avi (blur=30.4, exp=154.9, mp_rate=98.9%)
2026-07-18 18:14:38,870 | INFO     | [OK] Created augmented video doctor_015_01_aug_02.avi (blur=49.1, exp=113.6, mp_rate=100.0%)
2026-07-18 18:14:40,497 | INFO     | [OK] Created augmented video doctor_013_02_aug_03.avi (blur=721.7, exp=89.6, mp_rate=100.0%)
2026-07-18 18:14:41,683 | INFO     | [OK] Created augmented video doctor_016_01_aug_01.avi (blur=217.9, exp=98.5, mp_rate=100.0%)
2026-07-18 18:14:53,353 | INFO     | [OK] Created augmented video doctor_016_02_aug_01.avi (blur=23.5, exp=131.6, mp_rate=100.0%)
2026-07-18 18:14:58,592 | INFO     | [REJECT] Rejected augmented video doctor_014_01_aug_01.avi: Hand detection rate 0.0% below threshold 80.0%
2026-07-18 18:15:03,835 | INFO     | [REJECT] Rejected augmented video doctor_014_02_aug_01.avi: Hand detection rate 39.3% below threshold 80.0%
2026-07-18 18:15:04,234 | INFO     | [OK] Created augmented video doctor_015_01_aug_01.avi (blur=241.0, exp=103.0, mp_rate=100.0%)
2026-07-18 18:15:08,605 | INFO     | [OK] Created augmented video doctor_016_02_aug_02.avi (blur=34.0, exp=95.4, mp_rate=100.0%)
2026-07-18 18:15:16,987 | INFO     | [REJECT] Rejected augmented video doctor_016_02_aug_03.avi: Excessive blur (laplacian var 9.6 < limit 15.0)
2026-07-18 18:15:18,901 | INFO     | [REJECT] Rejected augmented video doctor_017_01_aug_02.avi: Excessive blur (laplacian var 8.8 < limit 15.0)
2026-07-18 18:15:21,409 | INFO     | [REJECT] Rejected augmented video doctor_017_01_aug_03.avi: Hand detection rate 16.2% below threshold 80.0%
2026-07-18 18:15:27,085 | INFO     | [OK] Created augmented video doctor_017_02_aug_02.avi (blur=39.5, exp=83.4, mp_rate=87.5%)
2026-07-18 18:15:33,922 | INFO     | [OK] Created augmented video doctor_016_01_aug_03.avi (blur=72.7, exp=112.1, mp_rate=100.0%)
2026-07-18 18:15:34,182 | INFO     | [OK] Created augmented video doctor_015_02_aug_01.avi (blur=181.8, exp=111.7, mp_rate=100.0%)
2026-07-18 18:15:36,260 | INFO     | [OK] Created augmented video doctor_015_02_aug_02.avi (blur=696.9, exp=103.1, mp_rate=100.0%)
2026-07-18 18:15:38,369 | INFO     | [OK] Created augmented video doctor_018_01_aug_01.avi (blur=16.3, exp=113.9, mp_rate=100.0%)
2026-07-18 18:15:39,080 | INFO     | [OK] Created augmented video doctor_015_02_aug_03.avi (blur=86.9, exp=73.2, mp_rate=100.0%)
2026-07-18 18:15:49,632 | INFO     | [REJECT] Rejected augmented video doctor_018_02_aug_01.avi: Excessive blur (laplacian var 10.5 < limit 15.0)
2026-07-18 18:15:53,224 | INFO     | [REJECT] Rejected augmented video doctor_018_02_aug_03.avi: Excessive blur (laplacian var 9.5 < limit 15.0)
2026-07-18 18:16:00,348 | INFO     | [OK] Created augmented video doctor_019_01_aug_01.avi (blur=18.5, exp=87.4, mp_rate=100.0%)
2026-07-18 18:16:02,359 | INFO     | [OK] Created augmented video doctor_015_01_aug_03.avi (blur=771.4, exp=103.4, mp_rate=100.0%)
2026-07-18 18:16:06,180 | INFO     | [OK] Created augmented video doctor_016_01_aug_02.avi (blur=3815.7, exp=99.9, mp_rate=100.0%)
2026-07-18 18:16:13,905 | INFO     | [OK] Created augmented video doctor_019_02_aug_01.avi (blur=32.4, exp=130.6, mp_rate=100.0%)
2026-07-18 18:16:14,930 | INFO     | [OK] Created augmented video doctor_019_01_aug_03.avi (blur=33.7, exp=116.0, mp_rate=100.0%)
2026-07-18 18:16:21,426 | INFO     | [OK] Created augmented video doctor_020_01_aug_01.avi (blur=34.3, exp=70.4, mp_rate=100.0%)
2026-07-18 18:16:22,639 | INFO     | [REJECT] Rejected augmented video doctor_017_01_aug_01.avi: Hand detection rate 62.5% below threshold 80.0%
2026-07-18 18:16:28,998 | INFO     | [OK] Created augmented video doctor_018_02_aug_02.avi (blur=420.8, exp=80.3, mp_rate=100.0%)
2026-07-18 18:16:29,887 | INFO     | [REJECT] Rejected augmented video doctor_017_02_aug_01.avi: Hand detection rate 65.3% below threshold 80.0%
2026-07-18 18:16:32,567 | INFO     | [REJECT] Rejected augmented video doctor_020_01_aug_02.avi: Excessive blur (laplacian var 11.1 < limit 15.0)
2026-07-18 18:16:33,407 | INFO     | [REJECT] Rejected augmented video doctor_017_02_aug_03.avi: Hand detection rate 0.0% below threshold 80.0%
2026-07-18 18:16:36,595 | INFO     | [OK] Created augmented video doctor_020_01_aug_03.avi (blur=101.9, exp=114.8, mp_rate=100.0%)
2026-07-18 18:16:48,011 | INFO     | [REJECT] Rejected augmented video doctor_018_01_aug_02.avi: Hand detection rate 4.6% below threshold 80.0%
2026-07-18 18:16:49,402 | INFO     | [OK] Created augmented video doctor_018_01_aug_03.avi (blur=3196.2, exp=97.3, mp_rate=100.0%)
2026-07-18 18:17:01,527 | INFO     | [OK] Created augmented video doctor_019_02_aug_02.avi (blur=539.0, exp=88.9, mp_rate=98.7%)
2026-07-18 18:17:02,291 | INFO     | [REJECT] Rejected augmented video doctor_019_01_aug_02.avi: Hand detection rate 75.0% below threshold 80.0%
2026-07-18 18:17:05,358 | INFO     | [OK] Created augmented video doctor_019_02_aug_03.avi (blur=742.6, exp=86.2, mp_rate=100.0%)
2026-07-18 18:17:08,865 | INFO     | [OK] Created augmented video doctor_021_01_aug_01.avi (blur=33.5, exp=116.6, mp_rate=100.0%)
2026-07-18 18:17:09,596 | INFO     | [OK] Created augmented video doctor_020_02_aug_01.avi (blur=74.4, exp=151.6, mp_rate=100.0%)
2026-07-18 18:17:12,439 | INFO     | [OK] Created augmented video doctor_021_01_aug_02.avi (blur=19.9, exp=111.9, mp_rate=100.0%)
2026-07-18 18:17:14,854 | INFO     | [OK] Created augmented video doctor_020_02_aug_02.avi (blur=263.5, exp=125.0, mp_rate=100.0%)
2026-07-18 18:17:15,454 | INFO     | [REJECT] Rejected augmented video doctor_020_02_aug_03.avi: Excessive blur (laplacian var 5.3 < limit 15.0)
2026-07-18 18:17:25,810 | INFO     | [OK] Created augmented video doctor_021_01_aug_03.avi (blur=19.6, exp=86.3, mp_rate=100.0%)
2026-07-18 18:17:34,227 | INFO     | [OK] Created augmented video doctor_021_02_aug_01.avi (blur=30.5, exp=67.7, mp_rate=100.0%)
2026-07-18 18:17:44,844 | INFO     | [REJECT] Rejected augmented video doctor_021_02_aug_02.avi: Excessive blur (laplacian var 10.3 < limit 15.0)
2026-07-18 18:17:50,540 | INFO     | [OK] Created augmented video doctor_022_02_aug_01.avi (blur=36.5, exp=107.6, mp_rate=100.0%)
2026-07-18 18:17:51,895 | INFO     | [REJECT] Rejected augmented video doctor_022_02_aug_02.avi: Excessive blur (laplacian var 11.8 < limit 15.0)
2026-07-18 18:17:52,634 | INFO     | [REJECT] Rejected augmented video doctor_022_01_aug_01.avi: Excessive blur (laplacian var 6.4 < limit 15.0)
2026-07-18 18:17:55,655 | INFO     | [OK] Created augmented video doctor_022_02_aug_03.avi (blur=15.3, exp=104.5, mp_rate=100.0%)
2026-07-18 18:17:57,062 | INFO     | [REJECT] Rejected augmented video doctor_023_01_aug_01.avi: Excessive blur (laplacian var 7.4 < limit 15.0)
2026-07-18 18:18:02,683 | INFO     | [OK] Created augmented video doctor_023_01_aug_02.avi (blur=22.2, exp=76.5, mp_rate=100.0%)
2026-07-18 18:18:06,738 | INFO     | [REJECT] Rejected augmented video doctor_021_02_aug_03.avi: Hand detection rate 77.6% below threshold 80.0%
2026-07-18 18:18:15,688 | INFO     | [OK] Created augmented video doctor_023_02_aug_02.avi (blur=178.4, exp=112.4, mp_rate=100.0%)
2026-07-18 18:18:21,311 | INFO     | [OK] Created augmented video doctor_024_01_aug_01.avi (blur=25.9, exp=111.8, mp_rate=100.0%)
2026-07-18 18:18:21,525 | INFO     | [OK] Created augmented video doctor_022_01_aug_02.avi (blur=1072.9, exp=104.3, mp_rate=100.0%)
2026-07-18 18:18:24,330 | INFO     | [REJECT] Rejected augmented video doctor_022_01_aug_03.avi: Hand detection rate 57.8% below threshold 80.0%
2026-07-18 18:18:28,839 | INFO     | [OK] Created augmented video doctor_024_01_aug_03.avi (blur=45.4, exp=108.8, mp_rate=100.0%)
2026-07-18 18:18:30,032 | INFO     | [OK] Created augmented video doctor_023_01_aug_03.avi (blur=825.7, exp=99.8, mp_rate=100.0%)
2026-07-18 18:18:34,981 | INFO     | [OK] Created augmented video doctor_024_02_aug_01.avi (blur=26.3, exp=103.8, mp_rate=100.0%)
2026-07-18 18:18:35,390 | INFO     | [OK] Created augmented video doctor_023_02_aug_01.avi (blur=586.1, exp=101.4, mp_rate=100.0%)
2026-07-18 18:18:46,785 | INFO     | [OK] Created augmented video doctor_025_01_aug_01.avi (blur=36.9, exp=124.2, mp_rate=100.0%)
2026-07-18 18:18:53,753 | INFO     | [OK] Created augmented video doctor_023_02_aug_03.avi (blur=140.2, exp=120.8, mp_rate=100.0%)
2026-07-18 18:18:57,010 | INFO     | [OK] Created augmented video doctor_025_02_aug_01.avi (blur=26.3, exp=124.0, mp_rate=100.0%)
2026-07-18 18:19:00,755 | INFO     | [OK] Created augmented video doctor_025_02_aug_03.avi (blur=15.6, exp=131.9, mp_rate=100.0%)
2026-07-18 18:19:01,520 | INFO     | [REJECT] Rejected augmented video doctor_025_02_aug_02.avi: Excessive blur (laplacian var 7.3 < limit 15.0)
2026-07-18 18:19:11,732 | INFO     | [OK] Created augmented video doctor_024_01_aug_02.avi (blur=3323.7, exp=97.1, mp_rate=100.0%)
2026-07-18 18:19:15,185 | INFO     | [OK] Created augmented video doctor_025_01_aug_02.avi (blur=301.1, exp=125.8, mp_rate=100.0%)
2026-07-18 18:19:16,597 | INFO     | [OK] Created augmented video doctor_024_02_aug_03.avi (blur=67.0, exp=109.3, mp_rate=100.0%)
2026-07-18 18:19:17,684 | INFO     | [OK] Created augmented video doctor_026_02_aug_02.avi (blur=71.9, exp=111.1, mp_rate=100.0%)
2026-07-18 18:19:22,843 | INFO     | [OK] Created augmented video doctor_026_02_aug_01.avi (blur=120.4, exp=136.5, mp_rate=100.0%)
2026-07-18 18:19:34,580 | INFO     | [OK] Created augmented video doctor_024_02_aug_02.avi (blur=1016.1, exp=90.4, mp_rate=100.0%)
2026-07-18 18:19:35,564 | INFO     | [OK] Created augmented video help001_01_aug_01.avi (blur=21.8, exp=97.3, mp_rate=89.2%)
2026-07-18 18:19:36,756 | INFO     | [OK] Created augmented video help001_01_aug_02.avi (blur=15.5, exp=90.7, mp_rate=100.0%)
2026-07-18 18:19:37,487 | INFO     | [REJECT] Rejected augmented video help001_01_aug_03.avi: Excessive blur (laplacian var 4.0 < limit 15.0)
2026-07-18 18:19:43,728 | INFO     | [OK] Created augmented video doctor_026_01_aug_01.avi (blur=383.0, exp=138.3, mp_rate=100.0%)
2026-07-18 18:19:49,477 | INFO     | [OK] Created augmented video doctor_026_01_aug_02.avi (blur=605.4, exp=120.8, mp_rate=100.0%)
2026-07-18 18:19:53,224 | INFO     | [OK] Created augmented video help001_02_aug_03.avi (blur=15.5, exp=91.6, mp_rate=100.0%)
2026-07-18 18:19:53,862 | INFO     | [REJECT] Rejected augmented video help002_01_aug_01.avi: Hand detection rate 27.3% below threshold 80.0%
2026-07-18 18:19:54,335 | INFO     | [OK] Created augmented video help002_01_aug_02.avi (blur=15.5, exp=96.1, mp_rate=87.5%)
2026-07-18 18:19:58,414 | INFO     | [OK] Created augmented video doctor_025_01_aug_03.avi (blur=3994.0, exp=127.2, mp_rate=100.0%)
2026-07-18 18:19:58,475 | INFO     | [OK] Created augmented video help002_01_aug_03.avi (blur=23.7, exp=117.6, mp_rate=81.8%)
2026-07-18 18:20:01,153 | INFO     | [REJECT] Rejected augmented video help003_01_aug_01.avi: Excessive blur (laplacian var 8.2 < limit 15.0)
2026-07-18 18:20:09,030 | INFO     | [OK] Created augmented video doctor_026_01_aug_03.avi (blur=913.4, exp=139.9, mp_rate=100.0%)
2026-07-18 18:20:12,327 | INFO     | [REJECT] Rejected augmented video help001_02_aug_01.avi: Hand detection rate 16.9% below threshold 80.0%
2026-07-18 18:20:13,991 | INFO     | [REJECT] Rejected augmented video help002_02_aug_02.avi: Hand detection rate 1.4% below threshold 80.0%
2026-07-18 18:20:17,651 | INFO     | [REJECT] Rejected augmented video help001_02_aug_02.avi: Hand detection rate 9.0% below threshold 80.0%
2026-07-18 18:20:17,651 | INFO     | [REJECT] Rejected augmented video help003_02_aug_02.avi: Excessive blur (laplacian var 11.0 < limit 15.0)
2026-07-18 18:20:20,309 | INFO     | [REJECT] Rejected augmented video help002_02_aug_01.avi: Hand detection rate 12.7% below threshold 80.0%
2026-07-18 18:20:22,655 | INFO     | [REJECT] Rejected augmented video help003_02_aug_01.avi: Hand detection rate 12.8% below threshold 80.0%
2026-07-18 18:20:23,437 | INFO     | [REJECT] Rejected augmented video help002_02_aug_03.avi: Hand detection rate 7.0% below threshold 80.0%
2026-07-18 18:20:25,372 | INFO     | [OK] Created augmented video doctor_026_02_aug_03.avi (blur=1928.9, exp=170.6, mp_rate=100.0%)
2026-07-18 18:20:26,401 | INFO     | [REJECT] Rejected augmented video help003_02_aug_03.avi: Excessive blur (laplacian var 4.3 < limit 15.0)
2026-07-18 18:20:26,469 | INFO     | [REJECT] Rejected augmented video help003_01_aug_03.avi: Hand detection rate 0.0% below threshold 80.0%
2026-07-18 18:20:26,825 | INFO     | [REJECT] Rejected augmented video help003_01_aug_02.avi: Hand detection rate 0.0% below threshold 80.0%
2026-07-18 18:20:28,998 | INFO     | [REJECT] Rejected augmented video help004_01_aug_01.avi: Excessive blur (laplacian var 6.0 < limit 15.0)
2026-07-18 18:20:34,071 | INFO     | [REJECT] Rejected augmented video help004_01_aug_03.avi: Hand detection rate 5.3% below threshold 80.0%
2026-07-18 18:20:34,093 | INFO     | [REJECT] Rejected augmented video help004_01_aug_02.avi: Excessive blur (laplacian var 14.0 < limit 15.0)
2026-07-18 18:20:36,490 | INFO     | [REJECT] Rejected augmented video help004_02_aug_01.avi: Excessive blur (laplacian var 9.6 < limit 15.0)
2026-07-18 18:20:38,910 | INFO     | [REJECT] Rejected augmented video help004_02_aug_02.avi: Excessive blur (laplacian var 13.7 < limit 15.0)
2026-07-18 18:20:39,831 | INFO     | [REJECT] Rejected augmented video help004_02_aug_03.avi: Excessive blur (laplacian var 5.1 < limit 15.0)
2026-07-18 18:20:43,453 | INFO     | [REJECT] Rejected augmented video help005_01_aug_03.avi: Excessive blur (laplacian var 12.4 < limit 15.0)
2026-07-18 18:20:45,797 | INFO     | [REJECT] Rejected augmented video help005_01_aug_01.avi: Hand detection rate 2.9% below threshold 80.0%
2026-07-18 18:20:45,950 | INFO     | [REJECT] Rejected augmented video help005_01_aug_02.avi: Hand detection rate 5.7% below threshold 80.0%
2026-07-18 18:20:47,158 | INFO     | [REJECT] Rejected augmented video help005_02_aug_01.avi: Hand detection rate 14.9% below threshold 80.0%
2026-07-18 18:20:49,876 | INFO     | [REJECT] Rejected augmented video help005_02_aug_02.avi: Hand detection rate 5.4% below threshold 80.0%
2026-07-18 18:20:54,969 | INFO     | [REJECT] Rejected augmented video help006_01_aug_01.avi: Hand detection rate 68.3% below threshold 80.0%
2026-07-18 18:20:56,224 | INFO     | [REJECT] Rejected augmented video help005_02_aug_03.avi: Hand detection rate 13.5% below threshold 80.0%
2026-07-18 18:20:59,983 | INFO     | [OK] Created augmented video help006_02_aug_01.avi (blur=24.6, exp=72.3, mp_rate=100.0%)
2026-07-18 18:21:00,998 | INFO     | [REJECT] Rejected augmented video help006_01_aug_03.avi: Hand detection rate 4.9% below threshold 80.0%
2026-07-18 18:21:02,362 | INFO     | [OK] Created augmented video help006_01_aug_02.avi (blur=652.9, exp=88.8, mp_rate=80.5%)
2026-07-18 18:21:07,355 | INFO     | [REJECT] Rejected augmented video help006_02_aug_03.avi: Hand detection rate 1.3% below threshold 80.0%
2026-07-18 18:21:07,987 | INFO     | [REJECT] Rejected augmented video help006_02_aug_02.avi: Hand detection rate 0.0% below threshold 80.0%
2026-07-18 18:21:08,642 | INFO     | [OK] Created augmented video help007_01_aug_01.avi (blur=15.8, exp=81.9, mp_rate=100.0%)
2026-07-18 18:21:10,002 | INFO     | [OK] Created augmented video help007_01_aug_02.avi (blur=38.6, exp=118.5, mp_rate=100.0%)
2026-07-18 18:21:15,638 | INFO     | [REJECT] Rejected augmented video help007_01_aug_03.avi: Hand detection rate 2.6% below threshold 80.0%
2026-07-18 18:21:17,327 | INFO     | [OK] Created augmented video help007_02_aug_01.avi (blur=15.2, exp=84.7, mp_rate=100.0%)
2026-07-18 18:21:18,523 | INFO     | [REJECT] Rejected augmented video help007_02_aug_02.avi: Excessive blur (laplacian var 3.3 < limit 15.0)
2026-07-18 18:21:21,657 | INFO     | [REJECT] Rejected augmented video help007_02_aug_03.avi: Hand detection rate 46.1% below threshold 80.0%
2026-07-18 18:21:23,800 | INFO     | [REJECT] Rejected augmented video help008_01_aug_01.avi: Hand detection rate 3.7% below threshold 80.0%
2026-07-18 18:21:25,038 | INFO     | [REJECT] Rejected augmented video help008_01_aug_02.avi: Excessive blur (laplacian var 12.0 < limit 15.0)
2026-07-18 18:21:28,177 | INFO     | [REJECT] Rejected augmented video help008_02_aug_02.avi: Excessive blur (laplacian var 14.2 < limit 15.0)
2026-07-18 18:21:30,253 | INFO     | [OK] Created augmented video help008_02_aug_01.avi (blur=272.4, exp=102.5, mp_rate=100.0%)
2026-07-18 18:21:33,105 | INFO     | [REJECT] Rejected augmented video help008_02_aug_03.avi: Hand detection rate 25.3% below threshold 80.0%
2026-07-18 18:21:34,495 | INFO     | [REJECT] Rejected augmented video help009_01_aug_01.avi: Excessive blur (laplacian var 6.0 < limit 15.0)
2026-07-18 18:21:35,626 | INFO     | [REJECT] Rejected augmented video help008_01_aug_03.avi: Hand detection rate 0.0% below threshold 80.0%
2026-07-18 18:21:36,427 | INFO     | [REJECT] Rejected augmented video help009_01_aug_03.avi: Hand detection rate 4.9% below threshold 80.0%
2026-07-18 18:21:38,582 | INFO     | [REJECT] Rejected augmented video help009_01_aug_02.avi: Hand detection rate 0.0% below threshold 80.0%
2026-07-18 18:21:39,007 | INFO     | [REJECT] Rejected augmented video help009_02_aug_01.avi: Hand detection rate 30.9% below threshold 80.0%
2026-07-18 18:21:40,928 | INFO     | [REJECT] Rejected augmented video help009_02_aug_02.avi: Excessive blur (laplacian var 5.5 < limit 15.0)
2026-07-18 18:21:41,802 | INFO     | [REJECT] Rejected augmented video help009_02_aug_03.avi: Hand detection rate 33.3% below threshold 80.0%
2026-07-18 18:21:44,697 | INFO     | [REJECT] Rejected augmented video help010_01_aug_01.avi: Hand detection rate 0.0% below threshold 80.0%
2026-07-18 18:21:48,498 | INFO     | [REJECT] Rejected augmented video help010_01_aug_02.avi: Hand detection rate 2.8% below threshold 80.0%
2026-07-18 18:21:49,383 | INFO     | [REJECT] Rejected augmented video help010_02_aug_01.avi: Hand detection rate 0.0% below threshold 80.0%
2026-07-18 18:21:50,526 | INFO     | [REJECT] Rejected augmented video help010_02_aug_02.avi: Hand detection rate 40.5% below threshold 80.0%
2026-07-18 18:21:51,518 | INFO     | [REJECT] Rejected augmented video help010_01_aug_03.avi: Hand detection rate 0.0% below threshold 80.0%
2026-07-18 18:21:51,931 | INFO     | [REJECT] Rejected augmented video help010_02_aug_03.avi: Hand detection rate 45.6% below threshold 80.0%
2026-07-18 18:21:54,467 | INFO     | [REJECT] Rejected augmented video help011_01_aug_01.avi: Hand detection rate 22.2% below threshold 80.0%
2026-07-18 18:21:55,006 | INFO     | [REJECT] Rejected augmented video help011_01_aug_02.avi: Hand detection rate 3.7% below threshold 80.0%
2026-07-18 18:22:04,531 | INFO     | [REJECT] Rejected augmented video help011_02_aug_02.avi: Hand detection rate 47.1% below threshold 80.0%
2026-07-18 18:22:06,222 | INFO     | [REJECT] Rejected augmented video help011_01_aug_03.avi: Hand detection rate 30.9% below threshold 80.0%
2026-07-18 18:22:06,558 | INFO     | [REJECT] Rejected augmented video help011_02_aug_01.avi: Hand detection rate 3.5% below threshold 80.0%
2026-07-18 18:22:09,805 | INFO     | [REJECT] Rejected augmented video help012_01_aug_01.avi: Hand detection rate 4.9% below threshold 80.0%
2026-07-18 18:22:11,470 | INFO     | [REJECT] Rejected augmented video help012_01_aug_02.avi: Excessive blur (laplacian var 10.8 < limit 15.0)
2026-07-18 18:22:12,429 | INFO     | [OK] Created augmented video help011_02_aug_03.avi (blur=137.8, exp=100.2, mp_rate=100.0%)
2026-07-18 18:22:13,256 | INFO     | [REJECT] Rejected augmented video help012_02_aug_01.avi: Excessive blur (laplacian var 5.5 < limit 15.0)
2026-07-18 18:22:15,709 | INFO     | [REJECT] Rejected augmented video help012_01_aug_03.avi: Hand detection rate 6.2% below threshold 80.0%
2026-07-18 18:22:16,327 | INFO     | [REJECT] Rejected augmented video help012_02_aug_02.avi: Excessive blur (laplacian var 12.5 < limit 15.0)
2026-07-18 18:22:16,916 | INFO     | [REJECT] Rejected augmented video help012_02_aug_03.avi: Excessive blur (laplacian var 8.6 < limit 15.0)
2026-07-18 18:22:25,102 | INFO     | [OK] Created augmented video help013_01_aug_01.avi (blur=17.0, exp=104.1, mp_rate=96.1%)
2026-07-18 18:22:27,096 | INFO     | [REJECT] Rejected augmented video help013_01_aug_02.avi: Hand detection rate 28.9% below threshold 80.0%
2026-07-18 18:22:27,428 | INFO     | [REJECT] Rejected augmented video help013_01_aug_03.avi: Excessive blur (laplacian var 14.2 < limit 15.0)
2026-07-18 18:22:37,055 | INFO     | [OK] Created augmented video help014_02_aug_01.avi (blur=30.9, exp=119.8, mp_rate=100.0%)
2026-07-18 18:22:37,469 | INFO     | [REJECT] Rejected augmented video help013_02_aug_01.avi: Hand detection rate 1.0% below threshold 80.0%
2026-07-18 18:22:39,204 | INFO     | [OK] Created augmented video help013_02_aug_02.avi (blur=26.7, exp=109.5, mp_rate=80.2%)
2026-07-18 18:22:39,778 | INFO     | [REJECT] Rejected augmented video help014_01_aug_02.avi: Excessive blur (laplacian var 13.1 < limit 15.0)
2026-07-18 18:22:40,172 | INFO     | [OK] Created augmented video help013_02_aug_03.avi (blur=44.3, exp=87.5, mp_rate=80.2%)
2026-07-18 18:22:40,308 | INFO     | [OK] Created augmented video help014_01_aug_03.avi (blur=24.1, exp=102.1, mp_rate=98.9%)
2026-07-18 18:22:41,498 | INFO     | [REJECT] Rejected augmented video help014_01_aug_01.avi: Hand detection rate 15.9% below threshold 80.0%
2026-07-18 18:22:45,539 | INFO     | [REJECT] Rejected augmented video help014_02_aug_02.avi: Hand detection rate 44.6% below threshold 80.0%
2026-07-18 18:22:49,917 | INFO     | [REJECT] Rejected augmented video help014_02_aug_03.avi: Hand detection rate 63.5% below threshold 80.0%
2026-07-18 18:22:50,476 | INFO     | [REJECT] Rejected augmented video help015_01_aug_01.avi: Hand detection rate 6.0% below threshold 80.0%
2026-07-18 18:23:00,258 | INFO     | [REJECT] Rejected augmented video help015_02_aug_03.avi: Excessive blur (laplacian var 4.2 < limit 15.0)
2026-07-18 18:23:00,296 | INFO     | [REJECT] Rejected augmented video help015_01_aug_02.avi: Excessive blur (laplacian var 7.3 < limit 15.0)
2026-07-18 18:23:00,456 | INFO     | [OK] Created augmented video help015_01_aug_03.avi (blur=22.9, exp=100.4, mp_rate=96.4%)
2026-07-18 18:23:00,681 | INFO     | [REJECT] Rejected augmented video help015_02_aug_01.avi: Hand detection rate 51.4% below threshold 80.0%
2026-07-18 18:23:01,294 | INFO     | [REJECT] Rejected augmented video help015_02_aug_02.avi: Hand detection rate 0.0% below threshold 80.0%
2026-07-18 18:23:04,820 | INFO     | [REJECT] Rejected augmented video help016_01_aug_02.avi: Excessive blur (laplacian var 3.7 < limit 15.0)
2026-07-18 18:23:05,473 | INFO     | [REJECT] Rejected augmented video help016_01_aug_01.avi: Hand detection rate 18.4% below threshold 80.0%
2026-07-18 18:23:07,853 | INFO     | [REJECT] Rejected augmented video help016_02_aug_02.avi: Hand detection rate 48.5% below threshold 80.0%
2026-07-18 18:23:08,350 | INFO     | [REJECT] Rejected augmented video help016_01_aug_03.avi: Hand detection rate 1.1% below threshold 80.0%
2026-07-18 18:23:10,641 | INFO     | [REJECT] Rejected augmented video help016_02_aug_01.avi: Hand detection rate 7.4% below threshold 80.0%
2026-07-18 18:23:17,448 | INFO     | [REJECT] Rejected augmented video help016_02_aug_03.avi: Excessive blur (laplacian var 4.5 < limit 15.0)
2026-07-18 18:23:19,422 | INFO     | [REJECT] Rejected augmented video help017_02_aug_01.avi: Hand detection rate 4.6% below threshold 80.0%
2026-07-18 18:23:19,477 | INFO     | [REJECT] Rejected augmented video help017_01_aug_01.avi: Hand detection rate 38.7% below threshold 80.0%
2026-07-18 18:23:19,538 | INFO     | [REJECT] Rejected augmented video help017_01_aug_02.avi: Hand detection rate 37.3% below threshold 80.0%
2026-07-18 18:23:19,710 | INFO     | [REJECT] Rejected augmented video help017_01_aug_03.avi: Hand detection rate 44.0% below threshold 80.0%
2026-07-18 18:23:24,409 | INFO     | [REJECT] Rejected augmented video help017_02_aug_02.avi: Hand detection rate 3.1% below threshold 80.0%
2026-07-18 18:23:24,541 | INFO     | [REJECT] Rejected augmented video help017_02_aug_03.avi: Hand detection rate 12.3% below threshold 80.0%
2026-07-18 18:23:25,508 | INFO     | [OK] Created augmented video help018_01_aug_01.avi (blur=17.0, exp=78.9, mp_rate=84.1%)
2026-07-18 18:23:26,062 | INFO     | [REJECT] Rejected augmented video help018_01_aug_02.avi: Excessive blur (laplacian var 5.0 < limit 15.0)
2026-07-18 18:23:28,010 | INFO     | [REJECT] Rejected augmented video help018_01_aug_03.avi: Excessive blur (laplacian var 3.4 < limit 15.0)
2026-07-18 18:23:36,179 | INFO     | [REJECT] Rejected augmented video help019_01_aug_01.avi: Hand detection rate 1.3% below threshold 80.0%
2026-07-18 18:23:38,350 | INFO     | [REJECT] Rejected augmented video help018_02_aug_01.avi: Hand detection rate 11.5% below threshold 80.0%
2026-07-18 18:23:39,085 | INFO     | [REJECT] Rejected augmented video help019_01_aug_02.avi: Hand detection rate 0.0% below threshold 80.0%
2026-07-18 18:23:39,701 | INFO     | [REJECT] Rejected augmented video help018_02_aug_02.avi: Hand detection rate 78.2% below threshold 80.0%
2026-07-18 18:23:40,021 | INFO     | [REJECT] Rejected augmented video help019_02_aug_01.avi: Hand detection rate 0.0% below threshold 80.0%
2026-07-18 18:23:40,224 | INFO     | [REJECT] Rejected augmented video help019_01_aug_03.avi: Hand detection rate 33.3% below threshold 80.0%
2026-07-18 18:23:40,455 | INFO     | [REJECT] Rejected augmented video help019_02_aug_02.avi: Hand detection rate 0.0% below threshold 80.0%
2026-07-18 18:23:40,622 | INFO     | [REJECT] Rejected augmented video help018_02_aug_03.avi: Hand detection rate 34.6% below threshold 80.0%
2026-07-18 18:23:41,312 | INFO     | [REJECT] Rejected augmented video help019_02_aug_03.avi: Hand detection rate 4.2% below threshold 80.0%
2026-07-18 18:23:44,477 | INFO     | [OK] Created augmented video help020_01_aug_01.avi (blur=39.6, exp=99.4, mp_rate=84.3%)
2026-07-18 18:23:50,404 | INFO     | [OK] Created augmented video help020_01_aug_02.avi (blur=28.4, exp=96.9, mp_rate=100.0%)
2026-07-18 18:23:53,107 | INFO     | [REJECT] Rejected augmented video help021_01_aug_03.avi: Hand detection rate 0.0% below threshold 80.0%
2026-07-18 18:23:56,138 | INFO     | [REJECT] Rejected augmented video help021_02_aug_02.avi: Hand detection rate 0.0% below threshold 80.0%
2026-07-18 18:23:58,823 | INFO     | [REJECT] Rejected augmented video help020_02_aug_02.avi: Hand detection rate 78.3% below threshold 80.0%
2026-07-18 18:24:01,340 | INFO     | [REJECT] Rejected augmented video help020_02_aug_01.avi: Hand detection rate 0.0% below threshold 80.0%
2026-07-18 18:24:02,042 | INFO     | [REJECT] Rejected augmented video help020_02_aug_03.avi: Hand detection rate 16.9% below threshold 80.0%
2026-07-18 18:24:02,356 | INFO     | [REJECT] Rejected augmented video help021_01_aug_01.avi: Hand detection rate 0.0% below threshold 80.0%
2026-07-18 18:24:02,428 | INFO     | [REJECT] Rejected augmented video help021_02_aug_03.avi: Hand detection rate 42.2% below threshold 80.0%
2026-07-18 18:24:02,752 | INFO     | [REJECT] Rejected augmented video help021_01_aug_02.avi: Hand detection rate 0.0% below threshold 80.0%
2026-07-18 18:24:03,396 | INFO     | [REJECT] Rejected augmented video help021_02_aug_01.avi: Hand detection rate 0.0% below threshold 80.0%
2026-07-18 18:24:03,669 | INFO     | [REJECT] Rejected augmented video help020_01_aug_03.avi: Hand detection rate 2.4% below threshold 80.0%
2026-07-18 18:24:06,915 | INFO     | [OK] Created augmented video help022_01_aug_01.avi (blur=15.5, exp=70.3, mp_rate=91.0%)
2026-07-18 18:24:17,632 | INFO     | [REJECT] Rejected augmented video help022_01_aug_03.avi: Hand detection rate 3.8% below threshold 80.0%
2026-07-18 18:24:17,722 | INFO     | [REJECT] Rejected augmented video help022_01_aug_02.avi: Hand detection rate 24.4% below threshold 80.0%
2026-07-18 18:24:21,654 | INFO     | [REJECT] Rejected augmented video help022_02_aug_02.avi: Excessive blur (laplacian var 9.9 < limit 15.0)
2026-07-18 18:24:23,012 | INFO     | [REJECT] Rejected augmented video help022_02_aug_01.avi: Hand detection rate 30.7% below threshold 80.0%
2026-07-18 18:24:23,502 | INFO     | [REJECT] Rejected augmented video help023_01_aug_01.avi: Hand detection rate 36.7% below threshold 80.0%
2026-07-18 18:24:24,053 | INFO     | [OK] Created augmented video help023_01_aug_02.avi (blur=15.9, exp=64.7, mp_rate=84.8%)
2026-07-18 18:24:24,836 | INFO     | [REJECT] Rejected augmented video help023_01_aug_03.avi: Excessive blur (laplacian var 10.1 < limit 15.0)
2026-07-18 18:24:25,170 | INFO     | [REJECT] Rejected augmented video help022_02_aug_03.avi: Hand detection rate 6.7% below threshold 80.0%
2026-07-18 18:24:26,175 | INFO     | [REJECT] Rejected augmented video help023_02_aug_01.avi: Excessive blur (laplacian var 11.8 < limit 15.0)
2026-07-18 18:24:29,385 | INFO     | [REJECT] Rejected augmented video help023_02_aug_02.avi: Excessive blur (laplacian var 7.1 < limit 15.0)
2026-07-18 18:24:39,553 | INFO     | [REJECT] Rejected augmented video help024_01_aug_01.avi: Hand detection rate 17.1% below threshold 80.0%
2026-07-18 18:24:42,793 | INFO     | [REJECT] Rejected augmented video help024_02_aug_01.avi: Hand detection rate 0.0% below threshold 80.0%
2026-07-18 18:24:43,422 | INFO     | [OK] Created augmented video help024_02_aug_02.avi (blur=55.8, exp=58.9, mp_rate=89.6%)
2026-07-18 18:24:43,455 | INFO     | [REJECT] Rejected augmented video help024_01_aug_02.avi: Hand detection rate 19.7% below threshold 80.0%
2026-07-18 18:24:44,058 | INFO     | [REJECT] Rejected augmented video help023_02_aug_03.avi: Hand detection rate 22.9% below threshold 80.0%
2026-07-18 18:24:44,127 | INFO     | [REJECT] Rejected augmented video help024_02_aug_03.avi: Hand detection rate 52.2% below threshold 80.0%
2026-07-18 18:24:45,012 | INFO     | [REJECT] Rejected augmented video help025_01_aug_01.avi: Excessive blur (laplacian var 12.3 < limit 15.0)
2026-07-18 18:24:45,851 | INFO     | [REJECT] Rejected augmented video help025_01_aug_02.avi: Hand detection rate 50.0% below threshold 80.0%
2026-07-18 18:24:48,097 | INFO     | [REJECT] Rejected augmented video help025_01_aug_03.avi: Excessive blur (laplacian var 6.4 < limit 15.0)
2026-07-18 18:24:49,911 | INFO     | [REJECT] Rejected augmented video help024_01_aug_03.avi: Hand detection rate 7.9% below threshold 80.0%
2026-07-18 18:24:58,224 | INFO     | [OK] Created augmented video help025_02_aug_01.avi (blur=21.1, exp=104.7, mp_rate=80.7%)
2026-07-18 18:25:00,328 | INFO     | [REJECT] Rejected augmented video help025_02_aug_02.avi: Excessive blur (laplacian var 6.1 < limit 15.0)
2026-07-18 18:25:01,026 | INFO     | [REJECT] Rejected augmented video help025_02_aug_03.avi: Excessive blur (laplacian var 12.4 < limit 15.0)
2026-07-18 18:25:03,598 | INFO     | [OK] Created augmented video help026_02_aug_02.avi (blur=19.1, exp=93.3, mp_rate=100.0%)
2026-07-18 18:25:12,228 | INFO     | [REJECT] Rejected augmented video help026_01_aug_01.avi: Hand detection rate 4.2% below threshold 80.0%
2026-07-18 18:25:14,851 | INFO     | [REJECT] Rejected augmented video help026_02_aug_03.avi: Hand detection rate 49.4% below threshold 80.0%
2026-07-18 18:25:20,118 | INFO     | [OK] Created augmented video help_001_02_aug_02.avi (blur=27.0, exp=128.1, mp_rate=100.0%)
2026-07-18 18:25:20,413 | INFO     | [REJECT] Rejected augmented video help_001_01_aug_03.avi: Excessive blur (laplacian var 10.5 < limit 15.0)
2026-07-18 18:25:20,643 | INFO     | [REJECT] Rejected augmented video help026_02_aug_01.avi: Hand detection rate 0.0% below threshold 80.0%
2026-07-18 18:25:22,895 | INFO     | [REJECT] Rejected augmented video help026_01_aug_02.avi: Hand detection rate 0.0% below threshold 80.0%
2026-07-18 18:25:23,366 | INFO     | [OK] Created augmented video help_001_01_aug_01.avi (blur=674.4, exp=127.3, mp_rate=100.0%)
2026-07-18 18:25:29,657 | INFO     | [OK] Created augmented video help_001_02_aug_01.avi (blur=58.7, exp=114.7, mp_rate=100.0%)
2026-07-18 18:25:30,121 | INFO     | [REJECT] Rejected augmented video help026_01_aug_03.avi: Hand detection rate 0.0% below threshold 80.0%
2026-07-18 18:25:32,742 | INFO     | [REJECT] Rejected augmented video help_001_02_aug_03.avi: Excessive blur (laplacian var 8.4 < limit 15.0)
2026-07-18 18:25:37,817 | INFO     | [OK] Created augmented video help_001_01_aug_02.avi (blur=932.1, exp=112.4, mp_rate=100.0%)
2026-07-18 18:25:47,940 | INFO     | [REJECT] Rejected augmented video help_002_02_aug_01.avi: Excessive blur (laplacian var 10.4 < limit 15.0)
2026-07-18 18:25:51,846 | INFO     | [OK] Created augmented video help_002_02_aug_03.avi (blur=18.9, exp=123.8, mp_rate=100.0%)
2026-07-18 18:25:56,445 | INFO     | [OK] Created augmented video help_002_01_aug_03.avi (blur=44.2, exp=125.1, mp_rate=97.7%)
2026-07-18 18:25:56,613 | INFO     | [OK] Created augmented video help_002_01_aug_02.avi (blur=96.1, exp=109.8, mp_rate=97.7%)
2026-07-18 18:25:58,544 | INFO     | [OK] Created augmented video help_003_01_aug_01.avi (blur=28.9, exp=96.1, mp_rate=100.0%)
2026-07-18 18:26:00,878 | INFO     | [OK] Created augmented video help_002_02_aug_02.avi (blur=398.1, exp=112.9, mp_rate=100.0%)
2026-07-18 18:26:05,980 | INFO     | [OK] Created augmented video help_002_01_aug_01.avi (blur=1882.1, exp=123.9, mp_rate=88.6%)
2026-07-18 18:26:10,999 | INFO     | [OK] Created augmented video help_003_02_aug_01.avi (blur=20.1, exp=114.4, mp_rate=100.0%)
2026-07-18 18:26:13,041 | INFO     | [REJECT] Rejected augmented video help_003_01_aug_02.avi: Hand detection rate 72.4% below threshold 80.0%
2026-07-18 18:26:15,098 | INFO     | [OK] Created augmented video help_003_01_aug_03.avi (blur=3633.3, exp=81.9, mp_rate=89.5%)
2026-07-18 18:26:17,265 | INFO     | [OK] Created augmented video help_003_02_aug_02.avi (blur=53.0, exp=113.8, mp_rate=98.7%)
2026-07-18 18:26:22,660 | INFO     | [REJECT] Rejected augmented video help_003_02_aug_03.avi: Hand detection rate 73.1% below threshold 80.0%
2026-07-18 18:26:34,200 | INFO     | [REJECT] Rejected augmented video help_004_02_aug_01.avi: Hand detection rate 0.0% below threshold 80.0%
2026-07-18 18:26:35,691 | INFO     | [REJECT] Rejected augmented video help_004_02_aug_03.avi: Hand detection rate 49.1% below threshold 80.0%
2026-07-18 18:26:36,747 | INFO     | [OK] Created augmented video help_004_02_aug_02.avi (blur=195.3, exp=83.2, mp_rate=100.0%)
2026-07-18 18:26:42,801 | INFO     | [OK] Created augmented video help_004_01_aug_03.avi (blur=15.1, exp=87.2, mp_rate=100.0%)
2026-07-18 18:26:43,814 | INFO     | [REJECT] Rejected augmented video help_004_01_aug_01.avi: Excessive blur (laplacian var 13.7 < limit 15.0)
2026-07-18 18:26:44,046 | INFO     | [OK] Created augmented video help_004_01_aug_02.avi (blur=34.1, exp=100.6, mp_rate=100.0%)
2026-07-18 18:26:47,335 | INFO     | [REJECT] Rejected augmented video help_005_01_aug_02.avi: Excessive blur (laplacian var 10.5 < limit 15.0)
2026-07-18 18:26:48,310 | INFO     | [OK] Created augmented video help_005_01_aug_03.avi (blur=74.9, exp=149.9, mp_rate=96.0%)
2026-07-18 18:26:51,543 | INFO     | [OK] Created augmented video help_005_02_aug_01.avi (blur=19.1, exp=117.0, mp_rate=100.0%)
2026-07-18 18:26:56,633 | INFO     | [REJECT] Rejected augmented video help_005_01_aug_01.avi: Hand detection rate 38.7% below threshold 80.0%
2026-07-18 18:27:00,802 | INFO     | [REJECT] Rejected augmented video help_005_02_aug_02.avi: Excessive blur (laplacian var 6.1 < limit 15.0)
2026-07-18 18:27:03,657 | INFO     | [OK] Created augmented video help_006_01_aug_01.avi (blur=19.4, exp=79.6, mp_rate=92.9%)
2026-07-18 18:27:03,719 | INFO     | [REJECT] Rejected augmented video help_005_02_aug_03.avi: Excessive blur (laplacian var 9.3 < limit 15.0)
2026-07-18 18:27:08,934 | INFO     | [REJECT] Rejected augmented video help_006_01_aug_03.avi: Excessive blur (laplacian var 9.7 < limit 15.0)
2026-07-18 18:27:09,435 | INFO     | [REJECT] Rejected augmented video help_006_01_aug_02.avi: Excessive blur (laplacian var 12.0 < limit 15.0)
2026-07-18 18:27:15,031 | INFO     | [OK] Created augmented video help_006_02_aug_01.avi (blur=31.7, exp=130.0, mp_rate=93.2%)
2026-07-18 18:27:15,056 | INFO     | [OK] Created augmented video help_006_02_aug_02.avi (blur=105.2, exp=144.0, mp_rate=100.0%)
2026-07-18 18:27:19,276 | INFO     | [OK] Created augmented video help_007_01_aug_01.avi (blur=16.6, exp=122.1, mp_rate=100.0%)
2026-07-18 18:27:26,486 | INFO     | [OK] Created augmented video help_007_01_aug_03.avi (blur=25.4, exp=83.5, mp_rate=100.0%)
2026-07-18 18:27:27,312 | INFO     | [OK] Created augmented video help_007_02_aug_01.avi (blur=26.9, exp=98.4, mp_rate=100.0%)
2026-07-18 18:27:31,290 | INFO     | [REJECT] Rejected augmented video help_006_02_aug_03.avi: Hand detection rate 0.0% below threshold 80.0%
2026-07-18 18:27:32,642 | INFO     | [OK] Created augmented video help_008_01_aug_01.avi (blur=64.0, exp=106.4, mp_rate=100.0%)
2026-07-18 18:27:40,846 | INFO     | [REJECT] Rejected augmented video help_008_02_aug_01.avi: Excessive blur (laplacian var 4.7 < limit 15.0)
2026-07-18 18:27:46,115 | INFO     | [OK] Created augmented video help_008_02_aug_03.avi (blur=22.4, exp=97.3, mp_rate=100.0%)
2026-07-18 18:27:48,433 | INFO     | [REJECT] Rejected augmented video help_007_01_aug_02.avi: Hand detection rate 0.0% below threshold 80.0%
2026-07-18 18:27:54,447 | INFO     | [REJECT] Rejected augmented video help_009_01_aug_02.avi: Hand detection rate 32.1% below threshold 80.0%
2026-07-18 18:27:54,450 | INFO     | [REJECT] Rejected augmented video help_009_01_aug_01.avi: Excessive blur (laplacian var 7.0 < limit 15.0)
2026-07-18 18:27:55,108 | INFO     | [OK] Created augmented video help_007_02_aug_02.avi (blur=316.4, exp=117.1, mp_rate=88.2%)
2026-07-18 18:27:58,489 | INFO     | [OK] Created augmented video help_008_01_aug_02.avi (blur=91.1, exp=105.0, mp_rate=100.0%)
2026-07-18 18:27:58,967 | INFO     | [OK] Created augmented video help_008_01_aug_03.avi (blur=916.9, exp=120.6, mp_rate=85.4%)
2026-07-18 18:28:01,236 | INFO     | [REJECT] Rejected augmented video help_007_02_aug_03.avi: Hand detection rate 3.9% below threshold 80.0%
2026-07-18 18:28:04,863 | INFO     | [OK] Created augmented video help_009_01_aug_03.avi (blur=20.8, exp=76.6, mp_rate=85.2%)
2026-07-18 18:28:07,268 | INFO     | [REJECT] Rejected augmented video help_009_02_aug_02.avi: Hand detection rate 25.9% below threshold 80.0%
2026-07-18 18:28:09,765 | INFO     | [REJECT] Rejected augmented video help_009_02_aug_01.avi: Hand detection rate 79.0% below threshold 80.0%
2026-07-18 18:28:16,604 | INFO     | [REJECT] Rejected augmented video help_009_02_aug_03.avi: Hand detection rate 0.0% below threshold 80.0%
2026-07-18 18:28:19,314 | INFO     | [REJECT] Rejected augmented video help_010_01_aug_03.avi: Excessive blur (laplacian var 12.0 < limit 15.0)
2026-07-18 18:28:20,203 | INFO     | [OK] Created augmented video help_008_02_aug_02.avi (blur=1989.2, exp=102.9, mp_rate=97.3%)
2026-07-18 18:28:32,163 | INFO     | [OK] Created augmented video help_010_02_aug_03.avi (blur=60.3, exp=85.1, mp_rate=100.0%)
2026-07-18 18:28:34,876 | INFO     | [OK] Created augmented video help_011_01_aug_01.avi (blur=19.4, exp=119.1, mp_rate=100.0%)
2026-07-18 18:28:36,008 | INFO     | [OK] Created augmented video help_010_01_aug_01.avi (blur=551.4, exp=107.9, mp_rate=81.7%)
2026-07-18 18:28:38,765 | INFO     | [REJECT] Rejected augmented video help_011_01_aug_02.avi: Hand detection rate 56.8% below threshold 80.0%
2026-07-18 18:28:45,196 | INFO     | [REJECT] Rejected augmented video help_011_02_aug_01.avi: Hand detection rate 15.3% below threshold 80.0%
2026-07-18 18:28:45,482 | INFO     | [OK] Created augmented video help_011_01_aug_03.avi (blur=41.7, exp=118.9, mp_rate=100.0%)
2026-07-18 18:28:47,778 | INFO     | [REJECT] Rejected augmented video help_011_02_aug_02.avi: Excessive blur (laplacian var 14.6 < limit 15.0)
2026-07-18 18:28:54,942 | INFO     | [OK] Created augmented video help_010_02_aug_02.avi (blur=663.1, exp=92.0, mp_rate=100.0%)
2026-07-18 18:28:56,216 | INFO     | [OK] Created augmented video help_011_02_aug_03.avi (blur=79.4, exp=137.5, mp_rate=95.3%)
2026-07-18 18:28:57,047 | INFO     | [OK] Created augmented video help_012_01_aug_01.avi (blur=18.8, exp=106.1, mp_rate=100.0%)
2026-07-18 18:28:57,317 | INFO     | [REJECT] Rejected augmented video help_012_01_aug_02.avi: Hand detection rate 42.0% below threshold 80.0%
2026-07-18 18:28:58,441 | INFO     | [REJECT] Rejected augmented video help_010_01_aug_02.avi: Hand detection rate 1.4% below threshold 80.0%
2026-07-18 18:29:04,036 | INFO     | [REJECT] Rejected augmented video help_012_02_aug_01.avi: Excessive blur (laplacian var 11.8 < limit 15.0)
2026-07-18 18:29:09,949 | INFO     | [REJECT] Rejected augmented video help_013_01_aug_02.avi: Hand detection rate 77.6% below threshold 80.0%
2026-07-18 18:29:14,545 | INFO     | [REJECT] Rejected augmented video help_010_02_aug_01.avi: Hand detection rate 3.8% below threshold 80.0%
2026-07-18 18:29:17,147 | INFO     | [OK] Created augmented video help_013_02_aug_01.avi (blur=22.3, exp=116.0, mp_rate=100.0%)
2026-07-18 18:29:22,241 | INFO     | [OK] Created augmented video help_013_02_aug_03.avi (blur=58.7, exp=128.3, mp_rate=98.0%)
2026-07-18 18:29:31,674 | INFO     | [REJECT] Rejected augmented video help_014_01_aug_03.avi: Excessive blur (laplacian var 4.4 < limit 15.0)
2026-07-18 18:29:33,975 | INFO     | [OK] Created augmented video help_014_02_aug_01.avi (blur=22.7, exp=95.6, mp_rate=100.0%)
2026-07-18 18:29:40,108 | INFO     | [OK] Created augmented video help_012_02_aug_03.avi (blur=105.1, exp=109.9, mp_rate=98.8%)
2026-07-18 18:29:46,519 | INFO     | [OK] Created augmented video help_013_01_aug_03.avi (blur=324.3, exp=120.3, mp_rate=100.0%)
2026-07-18 18:30:04,668 | INFO     | [OK] Created augmented video help_013_02_aug_02.avi (blur=88.1, exp=112.2, mp_rate=99.0%)
2026-07-18 18:30:09,459 | INFO     | [REJECT] Rejected augmented video help_012_02_aug_02.avi: Hand detection rate 2.5% below threshold 80.0%
2026-07-18 18:30:16,864 | INFO     | [REJECT] Rejected augmented video help_013_01_aug_01.avi: Hand detection rate 31.6% below threshold 80.0%
2026-07-18 18:30:27,067 | INFO     | [OK] Created augmented video help_015_02_aug_02.avi (blur=17.3, exp=106.2, mp_rate=100.0%)
2026-07-18 18:30:34,211 | INFO     | [REJECT] Rejected augmented video help_015_01_aug_01.avi: Hand detection rate 79.5% below threshold 80.0%
2026-07-18 18:30:36,511 | INFO     | [OK] Created augmented video help_015_02_aug_03.avi (blur=15.1, exp=105.8, mp_rate=100.0%)
2026-07-18 18:30:36,720 | INFO     | [REJECT] Rejected augmented video help_012_01_aug_03.avi: Hand detection rate 9.9% below threshold 80.0%
2026-07-18 18:30:45,056 | INFO     | [OK] Created augmented video help_014_01_aug_01.avi (blur=854.8, exp=139.9, mp_rate=100.0%)
2026-07-18 18:30:47,803 | INFO     | [REJECT] Rejected augmented video help_016_01_aug_01.avi: Excessive blur (laplacian var 14.9 < limit 15.0)
2026-07-18 18:30:49,256 | INFO     | [REJECT] Rejected augmented video help_014_01_aug_02.avi: Hand detection rate 58.0% below threshold 80.0%
2026-07-18 18:30:49,931 | INFO     | [OK] Created augmented video help_016_01_aug_02.avi (blur=15.5, exp=104.4, mp_rate=100.0%)
2026-07-18 18:30:50,480 | INFO     | [REJECT] Rejected augmented video help_014_02_aug_02.avi: Hand detection rate 24.3% below threshold 80.0%
2026-07-18 18:30:53,584 | INFO     | [OK] Created augmented video help_014_02_aug_03.avi (blur=1614.1, exp=108.2, mp_rate=87.8%)
2026-07-18 18:30:59,451 | INFO     | [REJECT] Rejected augmented video help_016_02_aug_02.avi: Excessive blur (laplacian var 14.8 < limit 15.0)
2026-07-18 18:31:02,868 | INFO     | [REJECT] Rejected augmented video help_017_01_aug_02.avi: Hand detection rate 5.3% below threshold 80.0%
2026-07-18 18:31:03,155 | INFO     | [REJECT] Rejected augmented video help_017_01_aug_01.avi: Hand detection rate 9.3% below threshold 80.0%
2026-07-18 18:31:09,104 | INFO     | [REJECT] Rejected augmented video help_017_02_aug_03.avi: Hand detection rate 70.8% below threshold 80.0%
2026-07-18 18:31:11,443 | INFO     | [OK] Created augmented video help_015_01_aug_02.avi (blur=888.5, exp=105.5, mp_rate=96.4%)
2026-07-18 18:31:20,082 | INFO     | [OK] Created augmented video help_018_01_aug_01.avi (blur=155.4, exp=111.4, mp_rate=100.0%)
2026-07-18 18:31:22,934 | INFO     | [REJECT] Rejected augmented video help_018_01_aug_02.avi: Excessive blur (laplacian var 14.4 < limit 15.0)
2026-07-18 18:31:25,674 | INFO     | [OK] Created augmented video help_015_02_aug_01.avi (blur=1395.4, exp=104.2, mp_rate=100.0%)
2026-07-18 18:31:28,170 | INFO     | [REJECT] Rejected augmented video help_016_02_aug_03.avi: Hand detection rate 79.4% below threshold 80.0%
2026-07-18 18:31:32,524 | INFO     | [OK] Created augmented video help_015_01_aug_03.avi (blur=1152.0, exp=83.9, mp_rate=100.0%)
2026-07-18 18:31:33,951 | INFO     | [OK] Created augmented video help_018_01_aug_03.avi (blur=181.1, exp=109.9, mp_rate=92.8%)
2026-07-18 18:31:38,832 | INFO     | [OK] Created augmented video help_018_02_aug_01.avi (blur=36.0, exp=93.2, mp_rate=100.0%)
2026-07-18 18:31:39,629 | INFO     | [REJECT] Rejected augmented video help_017_02_aug_01.avi: Hand detection rate 58.5% below threshold 80.0%
2026-07-18 18:31:41,401 | INFO     | [REJECT] Rejected augmented video help_017_02_aug_02.avi: Hand detection rate 18.5% below threshold 80.0%
2026-07-18 18:31:44,187 | INFO     | [OK] Created augmented video help_018_02_aug_02.avi (blur=20.7, exp=99.4, mp_rate=100.0%)
2026-07-18 18:31:46,737 | INFO     | [REJECT] Rejected augmented video help_016_02_aug_01.avi: Hand detection rate 7.4% below threshold 80.0%
2026-07-18 18:31:51,439 | INFO     | [REJECT] Rejected augmented video help_016_01_aug_03.avi: Hand detection rate 43.7% below threshold 80.0%
2026-07-18 18:31:53,162 | INFO     | [REJECT] Rejected augmented video help_018_02_aug_03.avi: Excessive blur (laplacian var 5.8 < limit 15.0)
2026-07-18 18:31:53,746 | INFO     | [REJECT] Rejected augmented video help_017_01_aug_03.avi: Hand detection rate 1.3% below threshold 80.0%
2026-07-18 18:31:58,250 | INFO     | [REJECT] Rejected augmented video help_019_01_aug_02.avi: Excessive blur (laplacian var 13.0 < limit 15.0)
2026-07-18 18:32:05,481 | INFO     | [REJECT] Rejected augmented video help_019_02_aug_01.avi: Excessive blur (laplacian var 7.0 < limit 15.0)
2026-07-18 18:32:06,632 | INFO     | [OK] Created augmented video help_019_01_aug_03.avi (blur=68.5, exp=108.1, mp_rate=100.0%)
2026-07-18 18:32:10,556 | INFO     | [REJECT] Rejected augmented video help_019_02_aug_03.avi: Hand detection rate 63.9% below threshold 80.0%
2026-07-18 18:32:16,930 | INFO     | [OK] Created augmented video help_020_01_aug_01.avi (blur=62.1, exp=115.4, mp_rate=100.0%)
2026-07-18 18:32:16,943 | INFO     | [REJECT] Rejected augmented video help_019_01_aug_01.avi: Hand detection rate 0.0% below threshold 80.0%
2026-07-18 18:32:20,133 | INFO     | [REJECT] Rejected augmented video help_020_01_aug_02.avi: Excessive blur (laplacian var 9.6 < limit 15.0)
2026-07-18 18:32:20,318 | INFO     | [REJECT] Rejected augmented video help_019_02_aug_02.avi: Hand detection rate 66.7% below threshold 80.0%
2026-07-18 18:32:21,202 | INFO     | [OK] Created augmented video help_020_01_aug_03.avi (blur=60.7, exp=122.7, mp_rate=100.0%)
2026-07-18 18:32:25,913 | INFO     | [OK] Created augmented video help_020_02_aug_01.avi (blur=213.6, exp=111.1, mp_rate=100.0%)
2026-07-18 18:32:29,194 | INFO     | [REJECT] Rejected augmented video help_021_01_aug_01.avi: Excessive blur (laplacian var 7.2 < limit 15.0)
2026-07-18 18:32:37,303 | INFO     | [OK] Created augmented video help_020_02_aug_02.avi (blur=3201.6, exp=112.9, mp_rate=96.6%)
2026-07-18 18:32:37,845 | INFO     | [REJECT] Rejected augmented video help_021_01_aug_03.avi: Excessive blur (laplacian var 14.4 < limit 15.0)
2026-07-18 18:32:40,399 | INFO     | [REJECT] Rejected augmented video help_021_02_aug_03.avi: Hand detection rate 27.7% below threshold 80.0%
2026-07-18 18:32:40,417 | INFO     | [REJECT] Rejected augmented video help_021_02_aug_02.avi: Hand detection rate 57.8% below threshold 80.0%
2026-07-18 18:32:44,589 | INFO     | [REJECT] Rejected augmented video help_022_01_aug_02.avi: Excessive blur (laplacian var 4.4 < limit 15.0)
2026-07-18 18:32:47,623 | INFO     | [OK] Created augmented video help_020_02_aug_03.avi (blur=2161.3, exp=115.6, mp_rate=98.3%)
2026-07-18 18:32:54,146 | INFO     | [OK] Created augmented video help_022_02_aug_01.avi (blur=24.7, exp=104.6, mp_rate=81.3%)
2026-07-18 18:32:54,610 | INFO     | [REJECT] Rejected augmented video help_022_02_aug_02.avi: Excessive blur (laplacian var 13.5 < limit 15.0)
2026-07-18 18:32:55,832 | INFO     | [REJECT] Rejected augmented video help_021_01_aug_02.avi: Hand detection rate 33.7% below threshold 80.0%
2026-07-18 18:32:57,028 | INFO     | [REJECT] Rejected augmented video help_022_02_aug_03.avi: Excessive blur (laplacian var 13.3 < limit 15.0)
2026-07-18 18:33:02,898 | INFO     | [REJECT] Rejected augmented video help_022_01_aug_01.avi: Hand detection rate 0.0% below threshold 80.0%
2026-07-18 18:33:10,834 | INFO     | [REJECT] Rejected augmented video help_023_01_aug_02.avi: Excessive blur (laplacian var 8.1 < limit 15.0)
2026-07-18 18:33:11,042 | INFO     | [REJECT] Rejected augmented video help_022_01_aug_03.avi: Hand detection rate 11.5% below threshold 80.0%
2026-07-18 18:33:12,064 | INFO     | [REJECT] Rejected augmented video help_023_01_aug_03.avi: Excessive blur (laplacian var 5.2 < limit 15.0)
2026-07-18 18:33:21,165 | INFO     | [REJECT] Rejected augmented video help_023_02_aug_01.avi: Hand detection rate 53.0% below threshold 80.0%
2026-07-18 18:33:22,097 | INFO     | [OK] Created augmented video help_024_01_aug_01.avi (blur=128.1, exp=105.5, mp_rate=100.0%)
2026-07-18 18:33:22,919 | INFO     | [OK] Created augmented video help_023_02_aug_03.avi (blur=25.9, exp=96.8, mp_rate=100.0%)
2026-07-18 18:33:25,101 | INFO     | [REJECT] Rejected augmented video help_023_02_aug_02.avi: Hand detection rate 77.1% below threshold 80.0%
2026-07-18 18:33:31,840 | INFO     | [REJECT] Rejected augmented video help_021_02_aug_01.avi: Hand detection rate 0.0% below threshold 80.0%
2026-07-18 18:33:34,210 | INFO     | [REJECT] Rejected augmented video help_024_02_aug_02.avi: Excessive blur (laplacian var 11.2 < limit 15.0)
2026-07-18 18:33:35,135 | INFO     | [OK] Created augmented video help_024_02_aug_01.avi (blur=59.4, exp=107.5, mp_rate=100.0%)
2026-07-18 18:33:46,446 | INFO     | [REJECT] Rejected augmented video help_023_01_aug_01.avi: Hand detection rate 12.7% below threshold 80.0%
2026-07-18 18:33:47,228 | INFO     | [OK] Created augmented video help_025_01_aug_01.avi (blur=22.9, exp=155.0, mp_rate=100.0%)
2026-07-18 18:33:47,707 | INFO     | [OK] Created augmented video help_025_01_aug_02.avi (blur=36.1, exp=109.4, mp_rate=100.0%)
2026-07-18 18:33:49,485 | INFO     | [REJECT] Rejected augmented video help_024_01_aug_02.avi: Hand detection rate 67.1% below threshold 80.0%
2026-07-18 18:33:52,366 | INFO     | [OK] Created augmented video help_025_01_aug_03.avi (blur=34.5, exp=146.8, mp_rate=100.0%)
2026-07-18 18:33:54,391 | INFO     | [OK] Created augmented video help_024_01_aug_03.avi (blur=334.3, exp=119.4, mp_rate=100.0%)
2026-07-18 18:34:00,310 | INFO     | [REJECT] Rejected augmented video help_024_02_aug_03.avi: Hand detection rate 34.3% below threshold 80.0%
2026-07-18 18:34:01,598 | INFO     | [REJECT] Rejected augmented video help_025_02_aug_01.avi: Hand detection rate 59.0% below threshold 80.0%
2026-07-18 18:34:04,182 | INFO     | [REJECT] Rejected augmented video help_025_02_aug_03.avi: Excessive blur (laplacian var 6.4 < limit 15.0)
2026-07-18 18:34:04,233 | INFO     | [OK] Created augmented video help_025_02_aug_02.avi (blur=21.5, exp=130.6, mp_rate=100.0%)
2026-07-18 18:34:16,942 | INFO     | [OK] Created augmented video help_026_01_aug_03.avi (blur=25.3, exp=126.2, mp_rate=100.0%)
2026-07-18 18:34:17,962 | INFO     | [OK] Created augmented video help_026_02_aug_01.avi (blur=16.2, exp=127.1, mp_rate=96.5%)
2026-07-18 18:34:21,753 | INFO     | [REJECT] Rejected augmented video help_026_02_aug_03.avi: Excessive blur (laplacian var 14.5 < limit 15.0)
2026-07-18 18:34:22,351 | INFO     | [OK] Created augmented video hot001_01_aug_01.avi (blur=159.9, exp=120.7, mp_rate=100.0%)
2026-07-18 18:34:23,992 | INFO     | [REJECT] Rejected augmented video hot001_02_aug_01.avi: Hand detection rate 72.6% below threshold 80.0%
2026-07-18 18:34:25,807 | INFO     | [OK] Created augmented video hot001_01_aug_03.avi (blur=69.7, exp=87.1, mp_rate=100.0%)
2026-07-18 18:34:32,366 | INFO     | [OK] Created augmented video help_026_01_aug_01.avi (blur=99.2, exp=129.5, mp_rate=100.0%)
2026-07-18 18:34:33,742 | INFO     | [REJECT] Rejected augmented video help_026_02_aug_02.avi: Hand detection rate 8.2% below threshold 80.0%
2026-07-18 18:34:34,965 | INFO     | [OK] Created augmented video hot001_02_aug_02.avi (blur=40.7, exp=74.6, mp_rate=100.0%)
2026-07-18 18:34:35,022 | INFO     | [REJECT] Rejected augmented video help_026_01_aug_02.avi: Hand detection rate 4.2% below threshold 80.0%
2026-07-18 18:34:35,349 | INFO     | [OK] Created augmented video hot001_01_aug_02.avi (blur=1988.3, exp=125.7, mp_rate=97.5%)
2026-07-18 18:34:36,089 | INFO     | [OK] Created augmented video hot001_02_aug_03.avi (blur=45.9, exp=89.0, mp_rate=100.0%)
2026-07-18 18:34:39,571 | INFO     | [REJECT] Rejected augmented video hot002_01_aug_01.avi: Excessive blur (laplacian var 2.9 < limit 15.0)
2026-07-18 18:34:42,014 | INFO     | [REJECT] Rejected augmented video hot002_01_aug_03.avi: Excessive blur (laplacian var 8.4 < limit 15.0)
2026-07-18 18:34:46,968 | INFO     | [OK] Created augmented video hot002_01_aug_02.avi (blur=112.9, exp=80.8, mp_rate=98.6%)
2026-07-18 18:34:49,545 | INFO     | [REJECT] Rejected augmented video hot002_02_aug_01.avi: Hand detection rate 0.0% below threshold 80.0%
2026-07-18 18:34:50,656 | INFO     | [REJECT] Rejected augmented video hot002_02_aug_02.avi: Excessive blur (laplacian var 11.2 < limit 15.0)
2026-07-18 18:34:52,213 | INFO     | [REJECT] Rejected augmented video hot002_02_aug_03.avi: Excessive blur (laplacian var 10.2 < limit 15.0)
2026-07-18 18:34:55,935 | INFO     | [OK] Created augmented video hot003_01_aug_01.avi (blur=28.3, exp=75.4, mp_rate=93.7%)
2026-07-18 18:34:56,095 | INFO     | [REJECT] Rejected augmented video hot003_02_aug_01.avi: Excessive blur (laplacian var 6.9 < limit 15.0)
2026-07-18 18:34:58,962 | INFO     | [OK] Created augmented video hot003_01_aug_03.avi (blur=703.1, exp=56.9, mp_rate=82.3%)
2026-07-18 18:34:59,532 | INFO     | [REJECT] Rejected augmented video hot003_02_aug_02.avi: Excessive blur (laplacian var 10.6 < limit 15.0)
2026-07-18 18:35:00,304 | INFO     | [REJECT] Rejected augmented video hot003_01_aug_02.avi: Hand detection rate 54.4% below threshold 80.0%
2026-07-18 18:35:04,835 | INFO     | [REJECT] Rejected augmented video hot003_02_aug_03.avi: Hand detection rate 69.7% below threshold 80.0%
2026-07-18 18:35:11,635 | INFO     | [REJECT] Rejected augmented video hot004_01_aug_03.avi: Excessive blur (laplacian var 4.6 < limit 15.0)
2026-07-18 18:35:12,946 | INFO     | [REJECT] Rejected augmented video hot004_02_aug_01.avi: Excessive blur (laplacian var 9.3 < limit 15.0)
2026-07-18 18:35:12,975 | INFO     | [OK] Created augmented video hot004_01_aug_02.avi (blur=135.5, exp=77.6, mp_rate=98.7%)
2026-07-18 18:35:15,488 | INFO     | [OK] Created augmented video hot004_01_aug_01.avi (blur=684.8, exp=76.0, mp_rate=100.0%)
2026-07-18 18:35:19,478 | INFO     | [OK] Created augmented video hot004_02_aug_03.avi (blur=29.2, exp=87.7, mp_rate=100.0%)
2026-07-18 18:35:19,601 | INFO     | [OK] Created augmented video hot004_02_aug_02.avi (blur=91.8, exp=88.8, mp_rate=98.7%)
2026-07-18 18:35:20,992 | INFO     | [REJECT] Rejected augmented video hot005_01_aug_01.avi: Excessive blur (laplacian var 4.0 < limit 15.0)
2026-07-18 18:35:21,489 | INFO     | [REJECT] Rejected augmented video hot005_01_aug_02.avi: Hand detection rate 73.4% below threshold 80.0%
2026-07-18 18:35:22,416 | INFO     | [REJECT] Rejected augmented video hot005_01_aug_03.avi: Excessive blur (laplacian var 8.5 < limit 15.0)
2026-07-18 18:35:23,938 | INFO     | [OK] Created augmented video hot005_02_aug_01.avi (blur=23.0, exp=44.4, mp_rate=82.1%)
2026-07-18 18:35:30,246 | INFO     | [REJECT] Rejected augmented video hot005_02_aug_02.avi: Excessive blur (laplacian var 13.5 < limit 15.0)
2026-07-18 18:35:33,840 | INFO     | [REJECT] Rejected augmented video hot005_02_aug_03.avi: Hand detection rate 64.2% below threshold 80.0%
2026-07-18 18:35:34,753 | INFO     | [REJECT] Rejected augmented video hot006_01_aug_02.avi: Excessive blur (laplacian var 5.4 < limit 15.0)
2026-07-18 18:35:35,169 | INFO     | [OK] Created augmented video hot006_01_aug_01.avi (blur=67.8, exp=73.2, mp_rate=100.0%)
2026-07-18 18:35:38,447 | INFO     | [OK] Created augmented video hot006_01_aug_03.avi (blur=15.4, exp=79.5, mp_rate=100.0%)
2026-07-18 18:35:39,911 | INFO     | [OK] Created augmented video hot006_02_aug_01.avi (blur=182.9, exp=104.2, mp_rate=100.0%)
2026-07-18 18:35:41,787 | INFO     | [OK] Created augmented video hot006_02_aug_02.avi (blur=31.8, exp=66.9, mp_rate=100.0%)
2026-07-18 18:35:43,056 | INFO     | [REJECT] Rejected augmented video hot007_01_aug_01.avi: Hand detection rate 40.5% below threshold 80.0%
2026-07-18 18:35:43,932 | INFO     | [OK] Created augmented video hot006_02_aug_03.avi (blur=474.7, exp=74.9, mp_rate=88.2%)
2026-07-18 18:35:50,743 | INFO     | [REJECT] Rejected augmented video hot007_01_aug_03.avi: Excessive blur (laplacian var 2.5 < limit 15.0)
2026-07-18 18:35:50,862 | INFO     | [REJECT] Rejected augmented video hot007_01_aug_02.avi: Hand detection rate 0.0% below threshold 80.0%
2026-07-18 18:35:55,558 | INFO     | [OK] Created augmented video hot007_02_aug_03.avi (blur=22.5, exp=78.2, mp_rate=92.2%)
2026-07-18 18:35:58,146 | INFO     | [OK] Created augmented video hot007_02_aug_02.avi (blur=248.1, exp=39.5, mp_rate=94.8%)
2026-07-18 18:35:58,277 | INFO     | [REJECT] Rejected augmented video hot007_02_aug_01.avi: Hand detection rate 54.5% below threshold 80.0%
2026-07-18 18:35:58,788 | INFO     | [REJECT] Rejected augmented video hot008_01_aug_01.avi: Excessive blur (laplacian var 4.4 < limit 15.0)
2026-07-18 18:36:02,244 | INFO     | [REJECT] Rejected augmented video hot008_01_aug_03.avi: Excessive blur (laplacian var 4.9 < limit 15.0)
2026-07-18 18:36:03,483 | INFO     | [OK] Created augmented video hot008_01_aug_02.avi (blur=148.8, exp=68.1, mp_rate=100.0%)
2026-07-18 18:36:04,123 | INFO     | [OK] Created augmented video hot008_02_aug_01.avi (blur=281.3, exp=91.7, mp_rate=98.7%)
2026-07-18 18:36:07,996 | INFO     | [REJECT] Rejected augmented video hot008_02_aug_02.avi: Underexposure (mean luma 32.7 < limit 35.0)
2026-07-18 18:36:12,033 | INFO     | [OK] Created augmented video hot008_02_aug_03.avi (blur=106.4, exp=63.4, mp_rate=97.4%)
2026-07-18 18:36:12,851 | INFO     | [OK] Created augmented video hot009_01_aug_01.avi (blur=25.0, exp=41.7, mp_rate=82.7%)
2026-07-18 18:36:20,192 | INFO     | [REJECT] Rejected augmented video hot009_01_aug_02.avi: Hand detection rate 9.9% below threshold 80.0%
2026-07-18 18:36:21,727 | INFO     | [REJECT] Rejected augmented video hot009_02_aug_01.avi: Hand detection rate 0.0% below threshold 80.0%
2026-07-18 18:36:22,077 | INFO     | [OK] Created augmented video hot009_01_aug_03.avi (blur=64.6, exp=51.7, mp_rate=93.8%)
2026-07-18 18:36:22,390 | INFO     | [OK] Created augmented video hot009_02_aug_02.avi (blur=34.0, exp=102.0, mp_rate=82.6%)
2026-07-18 18:36:25,095 | INFO     | [REJECT] Rejected augmented video hot010_01_aug_02.avi: Excessive blur (laplacian var 8.1 < limit 15.0)
2026-07-18 18:36:25,529 | INFO     | [OK] Created augmented video hot010_01_aug_01.avi (blur=206.5, exp=70.3, mp_rate=100.0%)
2026-07-18 18:36:25,931 | INFO     | [REJECT] Rejected augmented video hot009_02_aug_03.avi: Hand detection rate 79.1% below threshold 80.0%
2026-07-18 18:36:28,990 | INFO     | [OK] Created augmented video hot010_01_aug_03.avi (blur=15.9, exp=85.2, mp_rate=84.2%)
2026-07-18 18:36:43,504 | INFO     | [REJECT] Rejected augmented video hot010_02_aug_02.avi: Excessive blur (laplacian var 4.6 < limit 15.0)
2026-07-18 18:36:45,047 | INFO     | [OK] Created augmented video hot010_02_aug_01.avi (blur=258.1, exp=67.5, mp_rate=100.0%)
2026-07-18 18:36:45,902 | INFO     | [REJECT] Rejected augmented video hot011_01_aug_01.avi: Excessive blur (laplacian var 8.6 < limit 15.0)
2026-07-18 18:36:46,509 | INFO     | [REJECT] Rejected augmented video hot011_01_aug_03.avi: Excessive blur (laplacian var 3.1 < limit 15.0)
2026-07-18 18:36:47,410 | INFO     | [REJECT] Rejected augmented video hot011_02_aug_01.avi: Excessive blur (laplacian var 7.0 < limit 15.0)
2026-07-18 18:36:48,503 | INFO     | [OK] Created augmented video hot011_01_aug_02.avi (blur=367.3, exp=88.3, mp_rate=100.0%)
2026-07-18 18:36:49,417 | INFO     | [OK] Created augmented video hot011_02_aug_02.avi (blur=155.7, exp=130.3, mp_rate=100.0%)
2026-07-18 18:36:49,790 | INFO     | [OK] Created augmented video hot012_01_aug_01.avi (blur=83.9, exp=111.7, mp_rate=81.8%)
2026-07-18 18:36:51,065 | INFO     | [OK] Created augmented video hot011_02_aug_03.avi (blur=772.0, exp=86.1, mp_rate=97.6%)
2026-07-18 18:36:54,351 | INFO     | [REJECT] Rejected augmented video hot010_02_aug_03.avi: Hand detection rate 32.4% below threshold 80.0%
2026-07-18 18:37:03,320 | INFO     | [OK] Created augmented video hot012_01_aug_02.avi (blur=29.3, exp=84.5, mp_rate=98.7%)
2026-07-18 18:37:04,845 | INFO     | [OK] Created augmented video hot012_01_aug_03.avi (blur=88.6, exp=78.7, mp_rate=88.3%)
2026-07-18 18:37:06,595 | INFO     | [REJECT] Rejected augmented video hot012_02_aug_02.avi: Excessive blur (laplacian var 4.7 < limit 15.0)
2026-07-18 18:37:07,736 | INFO     | [REJECT] Rejected augmented video hot012_02_aug_03.avi: Excessive blur (laplacian var 5.7 < limit 15.0)
2026-07-18 18:37:13,186 | INFO     | [REJECT] Rejected augmented video hot012_02_aug_01.avi: Hand detection rate 75.6% below threshold 80.0%
2026-07-18 18:37:13,315 | INFO     | [REJECT] Rejected augmented video hot013_01_aug_01.avi: Excessive blur (laplacian var 10.4 < limit 15.0)
2026-07-18 18:37:14,177 | INFO     | [OK] Created augmented video hot013_01_aug_02.avi (blur=38.0, exp=80.4, mp_rate=100.0%)
2026-07-18 18:37:16,805 | INFO     | [REJECT] Rejected augmented video hot013_02_aug_01.avi: Hand detection rate 42.4% below threshold 80.0%
2026-07-18 18:37:20,513 | INFO     | [OK] Created augmented video hot013_01_aug_03.avi (blur=3599.8, exp=80.3, mp_rate=82.1%)
2026-07-18 18:37:21,133 | INFO     | [REJECT] Rejected augmented video hot013_02_aug_02.avi: Hand detection rate 45.9% below threshold 80.0%
2026-07-18 18:37:24,304 | INFO     | [REJECT] Rejected augmented video hot014_01_aug_01.avi: Hand detection rate 54.1% below threshold 80.0%
2026-07-18 18:37:25,801 | INFO     | [OK] Created augmented video hot013_02_aug_03.avi (blur=166.2, exp=109.7, mp_rate=100.0%)
2026-07-18 18:37:26,107 | INFO     | [REJECT] Rejected augmented video hot014_01_aug_02.avi: Hand detection rate 58.1% below threshold 80.0%
2026-07-18 18:37:31,219 | INFO     | [REJECT] Rejected augmented video hot014_01_aug_03.avi: Hand detection rate 4.1% below threshold 80.0%
2026-07-18 18:37:32,119 | INFO     | [OK] Created augmented video hot014_02_aug_01.avi (blur=17.8, exp=82.2, mp_rate=94.3%)
2026-07-18 18:37:32,548 | INFO     | [REJECT] Rejected augmented video hot014_02_aug_03.avi: Hand detection rate 41.4% below threshold 80.0%
2026-07-18 18:37:35,494 | INFO     | [REJECT] Rejected augmented video hot014_02_aug_02.avi: Hand detection rate 74.3% below threshold 80.0%
2026-07-18 18:37:38,685 | INFO     | [REJECT] Rejected augmented video hot015_01_aug_01.avi: Excessive blur (laplacian var 4.7 < limit 15.0)
2026-07-18 18:37:42,293 | INFO     | [REJECT] Rejected augmented video hot015_01_aug_02.avi: Excessive blur (laplacian var 3.7 < limit 15.0)
2026-07-18 18:37:42,986 | INFO     | [REJECT] Rejected augmented video hot015_01_aug_03.avi: Excessive blur (laplacian var 8.8 < limit 15.0)
2026-07-18 18:37:47,599 | INFO     | [OK] Created augmented video hot015_02_aug_01.avi (blur=15.8, exp=77.4, mp_rate=100.0%)
2026-07-18 18:37:48,110 | INFO     | [REJECT] Rejected augmented video hot015_02_aug_02.avi: Excessive blur (laplacian var 3.6 < limit 15.0)
2026-07-18 18:37:48,395 | INFO     | [OK] Created augmented video hot015_02_aug_03.avi (blur=17.1, exp=72.4, mp_rate=100.0%)
2026-07-18 18:37:53,857 | INFO     | [REJECT] Rejected augmented video hot016_01_aug_02.avi: Hand detection rate 61.8% below threshold 80.0%
2026-07-18 18:37:53,909 | INFO     | [REJECT] Rejected augmented video hot016_01_aug_01.avi: Excessive blur (laplacian var 6.5 < limit 15.0)
2026-07-18 18:37:54,265 | INFO     | [REJECT] Rejected augmented video hot016_01_aug_03.avi: Hand detection rate 76.3% below threshold 80.0%
2026-07-18 18:37:59,179 | INFO     | [REJECT] Rejected augmented video hot016_02_aug_02.avi: Excessive blur (laplacian var 4.6 < limit 15.0)
2026-07-18 18:37:59,698 | INFO     | [REJECT] Rejected augmented video hot016_02_aug_01.avi: Hand detection rate 68.4% below threshold 80.0%
2026-07-18 18:38:02,074 | INFO     | [REJECT] Rejected augmented video hot016_02_aug_03.avi: Hand detection rate 70.9% below threshold 80.0%
2026-07-18 18:38:05,337 | INFO     | [REJECT] Rejected augmented video hot017_01_aug_02.avi: Excessive blur (laplacian var 12.6 < limit 15.0)
2026-07-18 18:38:05,753 | INFO     | [REJECT] Rejected augmented video hot017_01_aug_03.avi: Hand detection rate 5.3% below threshold 80.0%
2026-07-18 18:38:08,519 | INFO     | [REJECT] Rejected augmented video hot017_01_aug_01.avi: Hand detection rate 0.0% below threshold 80.0%
2026-07-18 18:38:09,797 | INFO     | [REJECT] Rejected augmented video hot017_02_aug_03.avi: Hand detection rate 21.1% below threshold 80.0%
2026-07-18 18:38:10,119 | INFO     | [REJECT] Rejected augmented video hot017_02_aug_02.avi: Hand detection rate 21.1% below threshold 80.0%
2026-07-18 18:38:11,279 | INFO     | [REJECT] Rejected augmented video hot017_02_aug_01.avi: Hand detection rate 0.0% below threshold 80.0%
2026-07-18 18:38:22,707 | INFO     | [OK] Created augmented video hot018_01_aug_03.avi (blur=874.6, exp=131.7, mp_rate=88.9%)
2026-07-18 18:38:23,500 | INFO     | [REJECT] Rejected augmented video hot018_01_aug_01.avi: Hand detection rate 37.0% below threshold 80.0%
2026-07-18 18:38:24,581 | INFO     | [OK] Created augmented video hot018_02_aug_01.avi (blur=245.8, exp=69.3, mp_rate=100.0%)
2026-07-18 18:38:25,853 | INFO     | [REJECT] Rejected augmented video hot018_01_aug_02.avi: Hand detection rate 38.3% below threshold 80.0%
2026-07-18 18:38:27,090 | INFO     | [REJECT] Rejected augmented video hot019_01_aug_01.avi: Hand detection rate 26.4% below threshold 80.0%
2026-07-18 18:48:45,180 | INFO     | [OK] Created augmented video hot018_02_aug_02.avi (blur=348.8, exp=67.4, mp_rate=100.0%)
2026-07-18 18:48:50,721 | INFO     | [REJECT] Rejected augmented video hot018_02_aug_03.avi: Hand detection rate 45.0% below threshold 80.0%
2026-07-18 18:48:54,604 | INFO     | [OK] Created augmented video hot019_01_aug_02.avi (blur=123.7, exp=61.9, mp_rate=80.2%)
2026-07-18 18:48:56,925 | INFO     | [OK] Created augmented video hot019_02_aug_01.avi (blur=2572.7, exp=61.4, mp_rate=84.1%)
2026-07-18 18:48:58,354 | INFO     | [REJECT] Rejected augmented video hot019_01_aug_03.avi: Hand detection rate 65.9% below threshold 80.0%
2026-07-18 18:49:02,674 | INFO     | [REJECT] Rejected augmented video hot019_02_aug_02.avi: Hand detection rate 63.4% below threshold 80.0%
2026-07-18 18:49:03,628 | INFO     | [REJECT] Rejected augmented video hot019_02_aug_03.avi: Excessive blur (laplacian var 3.2 < limit 15.0)
2026-07-18 18:49:05,710 | INFO     | [REJECT] Rejected augmented video hot020_01_aug_03.avi: Excessive blur (laplacian var 5.8 < limit 15.0)
2026-07-18 18:49:07,487 | INFO     | [OK] Created augmented video hot020_01_aug_01.avi (blur=4513.2, exp=83.1, mp_rate=89.5%)
2026-07-18 18:49:08,433 | INFO     | [OK] Created augmented video hot020_01_aug_02.avi (blur=687.2, exp=96.7, mp_rate=100.0%)
2026-07-18 18:49:11,846 | INFO     | [REJECT] Rejected augmented video hot020_02_aug_02.avi: Hand detection rate 52.6% below threshold 80.0%
2026-07-18 18:49:11,854 | INFO     | [OK] Created augmented video hot020_02_aug_01.avi (blur=1081.4, exp=70.8, mp_rate=100.0%)
2026-07-18 18:49:15,788 | INFO     | [REJECT] Rejected augmented video hot020_02_aug_03.avi: Excessive blur (laplacian var 6.1 < limit 15.0)
2026-07-18 18:49:15,946 | INFO     | [REJECT] Rejected augmented video hot021_01_aug_02.avi: Excessive blur (laplacian var 7.5 < limit 15.0)
2026-07-18 18:49:16,896 | INFO     | [REJECT] Rejected augmented video hot021_01_aug_01.avi: Hand detection rate 70.3% below threshold 80.0%
2026-07-18 18:49:20,023 | INFO     | [REJECT] Rejected augmented video hot021_01_aug_03.avi: Hand detection rate 73.4% below threshold 80.0%
2026-07-18 18:49:21,506 | INFO     | [REJECT] Rejected augmented video hot021_02_aug_01.avi: Hand detection rate 75.8% below threshold 80.0%
2026-07-18 18:49:23,500 | INFO     | [REJECT] Rejected augmented video hot021_02_aug_02.avi: Excessive blur (laplacian var 8.5 < limit 15.0)
2026-07-18 18:49:28,911 | INFO     | [REJECT] Rejected augmented video hot021_02_aug_03.avi: Hand detection rate 48.5% below threshold 80.0%
2026-07-18 18:49:36,103 | INFO     | [REJECT] Rejected augmented video hot022_02_aug_02.avi: Excessive blur (laplacian var 4.7 < limit 15.0)
2026-07-18 18:49:36,385 | INFO     | [REJECT] Rejected augmented video hot022_01_aug_03.avi: Excessive blur (laplacian var 3.9 < limit 15.0)
2026-07-18 18:49:36,417 | INFO     | [REJECT] Rejected augmented video hot022_01_aug_01.avi: Hand detection rate 65.9% below threshold 80.0%
2026-07-18 18:49:38,410 | INFO     | [OK] Created augmented video hot023_01_aug_01.avi (blur=15.2, exp=98.0, mp_rate=100.0%)
2026-07-18 18:49:38,614 | INFO     | [OK] Created augmented video hot022_02_aug_01.avi (blur=369.8, exp=69.5, mp_rate=82.1%)
2026-07-18 18:49:38,700 | INFO     | [REJECT] Rejected augmented video hot022_01_aug_02.avi: Hand detection rate 49.5% below threshold 80.0%
2026-07-18 18:49:39,849 | INFO     | [REJECT] Rejected augmented video hot023_01_aug_02.avi: Excessive blur (laplacian var 12.1 < limit 15.0)
2026-07-18 18:49:40,648 | INFO     | [REJECT] Rejected augmented video hot022_02_aug_03.avi: Hand detection rate 7.7% below threshold 80.0%
2026-07-18 18:49:45,064 | INFO     | [OK] Created augmented video hot023_01_aug_03.avi (blur=753.6, exp=64.7, mp_rate=98.6%)
2026-07-18 18:49:52,387 | INFO     | [REJECT] Rejected augmented video hot023_02_aug_01.avi: Excessive blur (laplacian var 4.1 < limit 15.0)
2026-07-18 18:49:59,704 | INFO     | [REJECT] Rejected augmented video hot024_01_aug_01.avi: Excessive blur (laplacian var 14.3 < limit 15.0)
2026-07-18 18:50:00,109 | INFO     | [OK] Created augmented video hot024_02_aug_01.avi (blur=17.4, exp=65.8, mp_rate=100.0%)
2026-07-18 18:50:00,363 | INFO     | [REJECT] Rejected augmented video hot023_02_aug_02.avi: Excessive blur (laplacian var 11.6 < limit 15.0)
2026-07-18 18:50:00,718 | INFO     | [OK] Created augmented video hot023_02_aug_03.avi (blur=145.9, exp=73.5, mp_rate=100.0%)
2026-07-18 18:50:01,187 | INFO     | [REJECT] Rejected augmented video hot024_02_aug_02.avi: Excessive blur (laplacian var 5.8 < limit 15.0)
2026-07-18 18:50:01,708 | INFO     | [REJECT] Rejected augmented video hot024_01_aug_02.avi: Excessive blur (laplacian var 7.4 < limit 15.0)
2026-07-18 18:50:04,184 | INFO     | [REJECT] Rejected augmented video hot024_02_aug_03.avi: Hand detection rate 76.6% below threshold 80.0%
2026-07-18 18:50:05,929 | INFO     | [OK] Created augmented video hot024_01_aug_03.avi (blur=2074.5, exp=82.5, mp_rate=98.8%)
2026-07-18 18:50:20,693 | INFO     | [OK] Created augmented video hot025_02_aug_02.avi (blur=72.1, exp=116.2, mp_rate=97.3%)
2026-07-18 18:50:21,140 | INFO     | [REJECT] Rejected augmented video hot025_02_aug_03.avi: Excessive blur (laplacian var 7.4 < limit 15.0)
2026-07-18 18:50:23,474 | INFO     | [OK] Created augmented video hot026_01_aug_02.avi (blur=66.7, exp=88.4, mp_rate=95.0%)
2026-07-18 18:50:25,386 | INFO     | [OK] Created augmented video hot026_02_aug_01.avi (blur=20.7, exp=72.3, mp_rate=100.0%)
2026-07-18 18:50:25,548 | INFO     | [REJECT] Rejected augmented video hot025_02_aug_01.avi: Hand detection rate 67.6% below threshold 80.0%
2026-07-18 18:50:25,603 | INFO     | [REJECT] Rejected augmented video hot026_01_aug_03.avi: Excessive blur (laplacian var 9.8 < limit 15.0)
2026-07-18 18:50:26,487 | INFO     | [OK] Created augmented video hot025_01_aug_01.avi (blur=992.5, exp=89.1, mp_rate=96.9%)
2026-07-18 18:50:30,398 | INFO     | [OK] Created augmented video hot026_01_aug_01.avi (blur=1372.6, exp=88.7, mp_rate=98.8%)
2026-07-18 18:50:39,333 | INFO     | [REJECT] Rejected augmented video hot_001_02_aug_01.avi: Excessive blur (laplacian var 6.9 < limit 15.0)
2026-07-18 18:50:43,834 | INFO     | [OK] Created augmented video hot_001_02_aug_02.avi (blur=30.3, exp=117.3, mp_rate=100.0%)
2026-07-18 18:50:45,115 | INFO     | [OK] Created augmented video hot025_01_aug_03.avi (blur=157.0, exp=89.8, mp_rate=98.5%)
2026-07-18 18:50:45,281 | INFO     | [OK] Created augmented video hot_001_02_aug_03.avi (blur=15.3, exp=117.8, mp_rate=100.0%)
2026-07-18 18:50:46,002 | INFO     | [REJECT] Rejected augmented video hot026_02_aug_02.avi: Hand detection rate 59.2% below threshold 80.0%
2026-07-18 18:50:48,284 | INFO     | [OK] Created augmented video hot026_02_aug_03.avi (blur=171.9, exp=81.2, mp_rate=93.0%)
2026-07-18 18:50:49,537 | INFO     | [OK] Created augmented video hot_002_01_aug_01.avi (blur=79.1, exp=120.7, mp_rate=100.0%)
2026-07-18 18:50:56,062 | INFO     | [OK] Created augmented video hot_003_01_aug_01.avi (blur=71.1, exp=119.9, mp_rate=100.0%)
2026-07-18 18:51:00,475 | INFO     | [OK] Created augmented video hot025_01_aug_02.avi (blur=3066.6, exp=81.2, mp_rate=90.8%)
2026-07-18 18:51:05,186 | INFO     | [OK] Created augmented video hot_001_01_aug_01.avi (blur=164.5, exp=114.2, mp_rate=100.0%)
2026-07-18 18:51:09,996 | INFO     | [REJECT] Rejected augmented video hot_003_01_aug_03.avi: Excessive blur (laplacian var 3.2 < limit 15.0)
2026-07-18 18:51:13,023 | INFO     | [OK] Created augmented video hot_003_02_aug_01.avi (blur=56.6, exp=93.2, mp_rate=97.4%)
2026-07-18 18:51:20,387 | INFO     | [REJECT] Rejected augmented video hot_003_02_aug_03.avi: Hand detection rate 78.9% below threshold 80.0%
2026-07-18 18:51:30,980 | INFO     | [OK] Created augmented video hot_002_02_aug_01.avi (blur=619.4, exp=114.3, mp_rate=100.0%)
2026-07-18 18:51:34,477 | INFO     | [OK] Created augmented video hot_002_02_aug_03.avi (blur=166.4, exp=122.0, mp_rate=100.0%)
2026-07-18 18:51:39,910 | INFO     | [OK] Created augmented video hot_001_01_aug_03.avi (blur=2174.5, exp=115.1, mp_rate=98.8%)
2026-07-18 18:51:42,165 | INFO     | [OK] Created augmented video hot_004_01_aug_03.avi (blur=102.0, exp=113.6, mp_rate=100.0%)
2026-07-18 18:51:49,042 | INFO     | [OK] Created augmented video hot_003_01_aug_02.avi (blur=933.5, exp=112.5, mp_rate=93.7%)
2026-07-18 18:51:49,457 | INFO     | [OK] Created augmented video hot_004_02_aug_02.avi (blur=34.5, exp=107.1, mp_rate=100.0%)
2026-07-18 18:51:55,898 | INFO     | [OK] Created augmented video hot_004_02_aug_03.avi (blur=22.2, exp=119.2, mp_rate=100.0%)
2026-07-18 18:52:03,021 | INFO     | [OK] Created augmented video hot_005_01_aug_02.avi (blur=46.2, exp=112.5, mp_rate=88.7%)
2026-07-18 18:52:07,070 | INFO     | [OK] Created augmented video hot_002_01_aug_02.avi (blur=4215.1, exp=133.2, mp_rate=98.6%)
2026-07-18 18:52:08,822 | INFO     | [REJECT] Rejected augmented video hot_005_01_aug_03.avi: Excessive blur (laplacian var 6.1 < limit 15.0)
2026-07-18 18:52:09,587 | INFO     | [OK] Created augmented video hot_002_02_aug_02.avi (blur=2553.8, exp=116.2, mp_rate=87.1%)
2026-07-18 18:52:15,331 | INFO     | [REJECT] Rejected augmented video hot_005_02_aug_01.avi: Excessive blur (laplacian var 13.0 < limit 15.0)
2026-07-18 18:52:22,865 | INFO     | [OK] Created augmented video hot_004_01_aug_02.avi (blur=257.8, exp=121.5, mp_rate=100.0%)
2026-07-18 18:52:24,157 | INFO     | [OK] Created augmented video hot_001_01_aug_02.avi (blur=3958.2, exp=115.4, mp_rate=92.5%)
2026-07-18 18:52:29,617 | INFO     | [OK] Created augmented video hot_006_01_aug_02.avi (blur=59.9, exp=97.8, mp_rate=94.4%)
2026-07-18 18:52:33,264 | INFO     | [OK] Created augmented video hot_004_02_aug_01.avi (blur=32.3, exp=85.5, mp_rate=100.0%)
2026-07-18 18:52:34,800 | INFO     | [OK] Created augmented video hot_006_01_aug_03.avi (blur=83.5, exp=114.3, mp_rate=100.0%)
2026-07-18 18:52:36,208 | INFO     | [OK] Created augmented video hot_005_01_aug_01.avi (blur=643.6, exp=120.4, mp_rate=84.5%)
2026-07-18 18:52:38,938 | INFO     | [REJECT] Rejected augmented video hot_003_02_aug_02.avi: Hand detection rate 39.5% below threshold 80.0%
2026-07-18 18:52:41,151 | INFO     | [REJECT] Rejected augmented video hot_006_02_aug_01.avi: Excessive blur (laplacian var 9.1 < limit 15.0)
2026-07-18 18:52:47,381 | INFO     | [OK] Created augmented video hot_002_01_aug_03.avi (blur=2023.3, exp=127.9, mp_rate=100.0%)
2026-07-18 18:52:48,434 | INFO     | [REJECT] Rejected augmented video hot_006_02_aug_03.avi: Excessive blur (laplacian var 12.0 < limit 15.0)
2026-07-18 18:52:48,436 | INFO     | [OK] Created augmented video hot_007_01_aug_01.avi (blur=17.0, exp=119.4, mp_rate=100.0%)
2026-07-18 18:52:50,432 | INFO     | [OK] Created augmented video hot_007_01_aug_02.avi (blur=24.2, exp=147.4, mp_rate=100.0%)
2026-07-18 18:52:56,130 | INFO     | [OK] Created augmented video hot_008_01_aug_01.avi (blur=17.2, exp=107.1, mp_rate=100.0%)
2026-07-18 18:53:25,774 | INFO     | [OK] Created augmented video hot_005_02_aug_02.avi (blur=2290.0, exp=117.2, mp_rate=97.0%)
2026-07-18 18:53:26,625 | INFO     | [REJECT] Rejected augmented video hot_005_02_aug_03.avi: Hand detection rate 74.6% below threshold 80.0%
2026-07-18 18:53:31,012 | INFO     | [OK] Created augmented video hot_007_01_aug_03.avi (blur=442.2, exp=93.3, mp_rate=100.0%)
2026-07-18 18:53:31,646 | INFO     | [OK] Created augmented video hot_004_01_aug_01.avi (blur=835.2, exp=93.8, mp_rate=100.0%)
2026-07-18 18:53:34,031 | INFO     | [REJECT] Rejected augmented video hot_006_01_aug_01.avi: Hand detection rate 31.0% below threshold 80.0%
2026-07-18 18:53:35,475 | INFO     | [OK] Created augmented video hot_008_01_aug_03.avi (blur=19.9, exp=109.1, mp_rate=100.0%)
2026-07-18 18:53:39,877 | INFO     | [OK] Created augmented video hot_008_02_aug_01.avi (blur=21.7, exp=94.0, mp_rate=100.0%)
2026-07-18 18:53:40,237 | INFO     | [OK] Created augmented video hot_007_02_aug_02.avi (blur=507.5, exp=119.7, mp_rate=100.0%)
2026-07-18 18:53:45,283 | INFO     | [REJECT] Rejected augmented video hot_008_02_aug_03.avi: Excessive blur (laplacian var 7.9 < limit 15.0)
2026-07-18 18:53:45,284 | INFO     | [OK] Created augmented video hot_008_01_aug_02.avi (blur=540.2, exp=45.4, mp_rate=100.0%)
2026-07-18 18:54:01,155 | INFO     | [REJECT] Rejected augmented video hot_009_02_aug_01.avi: Excessive blur (laplacian var 7.4 < limit 15.0)
2026-07-18 18:54:02,451 | INFO     | [OK] Created augmented video hot_009_01_aug_03.avi (blur=16.9, exp=73.3, mp_rate=97.5%)
2026-07-18 18:54:02,589 | INFO     | [REJECT] Rejected augmented video hot_009_02_aug_03.avi: Excessive blur (laplacian var 14.3 < limit 15.0)
2026-07-18 18:54:04,282 | INFO     | [REJECT] Rejected augmented video hot_009_02_aug_02.avi: Hand detection rate 73.3% below threshold 80.0%
2026-07-18 18:54:09,824 | INFO     | [OK] Created augmented video hot_007_02_aug_01.avi (blur=737.0, exp=135.8, mp_rate=100.0%)
2026-07-18 18:54:11,645 | INFO     | [OK] Created augmented video hot_007_02_aug_03.avi (blur=4161.3, exp=116.2, mp_rate=81.0%)
2026-07-18 18:54:11,832 | INFO     | [OK] Created augmented video hot_010_01_aug_01.avi (blur=27.2, exp=116.6, mp_rate=100.0%)
2026-07-18 18:54:20,098 | INFO     | [OK] Created augmented video hot_011_01_aug_01.avi (blur=21.1, exp=149.5, mp_rate=100.0%)
2026-07-18 18:54:20,751 | INFO     | [OK] Created augmented video hot_008_02_aug_02.avi (blur=959.9, exp=123.3, mp_rate=100.0%)
2026-07-18 18:54:25,161 | INFO     | [OK] Created augmented video hot_009_01_aug_01.avi (blur=130.7, exp=54.6, mp_rate=100.0%)
2026-07-18 18:54:29,959 | INFO     | [OK] Created augmented video hot_011_01_aug_03.avi (blur=30.3, exp=126.5, mp_rate=100.0%)
2026-07-18 18:54:33,608 | INFO     | [OK] Created augmented video hot_006_02_aug_02.avi (blur=3687.8, exp=115.8, mp_rate=100.0%)
2026-07-18 18:54:36,406 | INFO     | [OK] Created augmented video hot_011_02_aug_02.avi (blur=21.9, exp=115.3, mp_rate=100.0%)
2026-07-18 18:54:43,025 | INFO     | [REJECT] Rejected augmented video hot_012_01_aug_01.avi: Excessive blur (laplacian var 7.4 < limit 15.0)
2026-07-18 18:54:54,759 | INFO     | [OK] Created augmented video hot_010_02_aug_01.avi (blur=112.7, exp=84.9, mp_rate=98.6%)
2026-07-18 18:55:02,843 | INFO     | [OK] Created augmented video hot_012_01_aug_03.avi (blur=17.1, exp=110.1, mp_rate=100.0%)
2026-07-18 18:55:09,496 | INFO     | [OK] Created augmented video hot_012_02_aug_01.avi (blur=27.6, exp=112.9, mp_rate=100.0%)
2026-07-18 18:55:18,140 | INFO     | [OK] Created augmented video hot_010_01_aug_03.avi (blur=808.7, exp=81.0, mp_rate=100.0%)
2026-07-18 18:55:18,670 | INFO     | [OK] Created augmented video hot_010_01_aug_02.avi (blur=16.4, exp=102.8, mp_rate=100.0%)
2026-07-18 18:55:28,985 | INFO     | [OK] Created augmented video hot_013_01_aug_01.avi (blur=145.9, exp=139.2, mp_rate=100.0%)
2026-07-18 18:55:29,729 | INFO     | [OK] Created augmented video hot_011_02_aug_03.avi (blur=140.9, exp=122.8, mp_rate=100.0%)
2026-07-18 18:55:35,537 | INFO     | [OK] Created augmented video hot_012_01_aug_02.avi (blur=364.1, exp=105.1, mp_rate=100.0%)
2026-07-18 18:55:38,339 | INFO     | [OK] Created augmented video hot_013_01_aug_03.avi (blur=53.9, exp=116.5, mp_rate=100.0%)
2026-07-18 18:55:41,274 | INFO     | [REJECT] Rejected augmented video hot_010_02_aug_02.avi: Hand detection rate 73.0% below threshold 80.0%
2026-07-18 18:55:41,891 | INFO     | [OK] Created augmented video hot_010_02_aug_03.avi (blur=4247.5, exp=99.5, mp_rate=87.8%)
2026-07-18 18:55:48,665 | INFO     | [OK] Created augmented video hot_009_01_aug_02.avi (blur=1128.7, exp=78.5, mp_rate=98.8%)
2026-07-18 18:55:51,775 | INFO     | [OK] Created augmented video hot_013_02_aug_01.avi (blur=18.7, exp=101.1, mp_rate=100.0%)
2026-07-18 18:55:53,224 | INFO     | [REJECT] Rejected augmented video hot_013_02_aug_02.avi: Excessive blur (laplacian var 9.4 < limit 15.0)
2026-07-18 18:55:58,507 | INFO     | [REJECT] Rejected augmented video hot_014_01_aug_01.avi: Hand detection rate 68.9% below threshold 80.0%
2026-07-18 18:55:58,985 | INFO     | [OK] Created augmented video hot_011_02_aug_01.avi (blur=3722.5, exp=122.4, mp_rate=100.0%)
2026-07-18 18:55:59,379 | INFO     | [REJECT] Rejected augmented video hot_013_02_aug_03.avi: Excessive blur (laplacian var 12.6 < limit 15.0)
2026-07-18 18:56:01,615 | INFO     | [OK] Created augmented video hot_014_01_aug_03.avi (blur=18.2, exp=117.1, mp_rate=98.6%)
2026-07-18 18:56:03,328 | INFO     | [OK] Created augmented video hot_011_01_aug_02.avi (blur=2540.8, exp=124.3, mp_rate=100.0%)
2026-07-18 18:56:07,407 | INFO     | [OK] Created augmented video hot_012_02_aug_03.avi (blur=43.4, exp=93.9, mp_rate=100.0%)
2026-07-18 18:56:10,629 | INFO     | [REJECT] Rejected augmented video hot_015_01_aug_02.avi: Excessive blur (laplacian var 10.9 < limit 15.0)
2026-07-18 18:56:15,010 | INFO     | [OK] Created augmented video hot_015_02_aug_01.avi (blur=15.7, exp=95.4, mp_rate=96.3%)
2026-07-18 18:56:22,624 | INFO     | [REJECT] Rejected augmented video hot_015_02_aug_03.avi: Hand detection rate 79.3% below threshold 80.0%
2026-07-18 18:56:32,505 | INFO     | [OK] Created augmented video hot_013_01_aug_02.avi (blur=791.8, exp=130.7, mp_rate=100.0%)
2026-07-18 18:56:38,859 | INFO     | [OK] Created augmented video hot_016_01_aug_02.avi (blur=31.1, exp=102.1, mp_rate=100.0%)
2026-07-18 18:56:40,997 | INFO     | [REJECT] Rejected augmented video hot_014_01_aug_02.avi: Hand detection rate 21.6% below threshold 80.0%
2026-07-18 18:56:47,707 | INFO     | [REJECT] Rejected augmented video hot_016_02_aug_01.avi: Excessive blur (laplacian var 11.0 < limit 15.0)
2026-07-18 18:56:53,969 | INFO     | [OK] Created augmented video hot_014_02_aug_01.avi (blur=381.8, exp=108.1, mp_rate=100.0%)
2026-07-18 18:57:01,625 | INFO     | [OK] Created augmented video hot_014_02_aug_03.avi (blur=884.4, exp=111.2, mp_rate=91.5%)
2026-07-18 18:57:02,576 | INFO     | [OK] Created augmented video hot_015_01_aug_01.avi (blur=836.7, exp=112.4, mp_rate=100.0%)
2026-07-18 18:57:03,262 | INFO     | [OK] Created augmented video hot_016_02_aug_03.avi (blur=28.2, exp=111.3, mp_rate=100.0%)
2026-07-18 18:57:06,043 | INFO     | [OK] Created augmented video hot_015_01_aug_03.avi (blur=219.2, exp=76.1, mp_rate=84.3%)
2026-07-18 18:57:11,677 | INFO     | [REJECT] Rejected augmented video hot_017_01_aug_03.avi: Excessive blur (laplacian var 8.7 < limit 15.0)
2026-07-18 18:57:12,787 | INFO     | [OK] Created augmented video hot_015_02_aug_02.avi (blur=136.6, exp=113.3, mp_rate=100.0%)
2026-07-18 18:57:14,850 | INFO     | [OK] Created augmented video hot_017_02_aug_01.avi (blur=91.8, exp=105.4, mp_rate=93.4%)
2026-07-18 18:57:19,711 | INFO     | [OK] Created augmented video hot_016_01_aug_01.avi (blur=572.2, exp=104.2, mp_rate=94.7%)
2026-07-18 18:57:23,958 | INFO     | [OK] Created augmented video hot_017_02_aug_02.avi (blur=90.8, exp=96.6, mp_rate=88.2%)
2026-07-18 18:57:28,449 | INFO     | [OK] Created augmented video hot_012_02_aug_02.avi (blur=2395.2, exp=116.3, mp_rate=100.0%)
2026-07-18 18:57:30,323 | INFO     | [REJECT] Rejected augmented video hot_018_01_aug_01.avi: Excessive blur (laplacian var 9.8 < limit 15.0)
2026-07-18 18:57:31,856 | INFO     | [REJECT] Rejected augmented video hot_018_01_aug_02.avi: Excessive blur (laplacian var 5.1 < limit 15.0)
2026-07-18 18:57:34,393 | INFO     | [OK] Created augmented video hot_016_01_aug_03.avi (blur=284.4, exp=117.6, mp_rate=100.0%)
2026-07-18 18:57:41,010 | INFO     | [OK] Created augmented video hot_018_02_aug_02.avi (blur=65.8, exp=100.4, mp_rate=100.0%)
2026-07-18 18:57:41,457 | INFO     | [OK] Created augmented video hot_014_02_aug_02.avi (blur=850.7, exp=98.4, mp_rate=98.8%)
2026-07-18 18:57:41,600 | INFO     | [REJECT] Rejected augmented video hot_018_02_aug_03.avi: Excessive blur (laplacian var 6.5 < limit 15.0)
2026-07-18 18:57:44,278 | INFO     | [OK] Created augmented video hot_016_02_aug_02.avi (blur=445.4, exp=101.9, mp_rate=100.0%)
2026-07-18 18:57:52,573 | INFO     | [OK] Created augmented video hot_019_01_aug_03.avi (blur=16.5, exp=100.2, mp_rate=82.4%)
2026-07-18 18:57:52,914 | INFO     | [OK] Created augmented video hot_019_01_aug_02.avi (blur=116.5, exp=106.1, mp_rate=80.2%)
2026-07-18 18:57:56,710 | INFO     | [OK] Created augmented video hot_017_01_aug_02.avi (blur=483.4, exp=128.6, mp_rate=92.1%)
2026-07-18 18:58:05,025 | INFO     | [OK] Created augmented video hot_020_01_aug_01.avi (blur=69.6, exp=124.0, mp_rate=100.0%)
2026-07-18 18:58:05,728 | INFO     | [OK] Created augmented video hot_017_02_aug_03.avi (blur=92.7, exp=95.6, mp_rate=100.0%)
2026-07-18 18:58:08,582 | INFO     | [OK] Created augmented video hot_019_02_aug_03.avi (blur=19.4, exp=89.1, mp_rate=100.0%)
2026-07-18 18:58:12,665 | INFO     | [REJECT] Rejected augmented video hot_020_01_aug_02.avi: Excessive blur (laplacian var 14.4 < limit 15.0)
2026-07-18 18:58:18,388 | INFO     | [OK] Created augmented video hot_018_01_aug_03.avi (blur=800.8, exp=61.4, mp_rate=95.1%)
2026-07-18 18:58:20,872 | INFO     | [OK] Created augmented video hot_020_01_aug_03.avi (blur=42.3, exp=119.6, mp_rate=100.0%)
2026-07-18 18:58:21,643 | INFO     | [OK] Created augmented video hot_018_02_aug_01.avi (blur=729.5, exp=113.5, mp_rate=86.2%)
2026-07-18 18:58:25,127 | INFO     | [REJECT] Rejected augmented video hot_017_01_aug_01.avi: Hand detection rate 7.9% below threshold 80.0%
2026-07-18 18:58:28,947 | INFO     | [OK] Created augmented video hot_020_02_aug_02.avi (blur=23.9, exp=119.4, mp_rate=100.0%)
2026-07-18 18:58:29,000 | INFO     | [OK] Created augmented video hot_020_02_aug_01.avi (blur=16.1, exp=119.3, mp_rate=100.0%)
2026-07-18 18:58:32,509 | INFO     | [REJECT] Rejected augmented video hot_019_01_aug_01.avi: Hand detection rate 6.6% below threshold 80.0%
2026-07-18 18:58:33,528 | INFO     | [REJECT] Rejected augmented video hot_019_02_aug_01.avi: Hand detection rate 47.6% below threshold 80.0%
2026-07-18 18:58:35,672 | INFO     | [OK] Created augmented video hot_019_02_aug_02.avi (blur=41.0, exp=87.7, mp_rate=97.6%)
2026-07-18 18:58:36,673 | INFO     | [REJECT] Rejected augmented video hot_021_01_aug_01.avi: Excessive blur (laplacian var 8.1 < limit 15.0)
2026-07-18 18:58:38,776 | INFO     | [REJECT] Rejected augmented video hot_021_01_aug_03.avi: Excessive blur (laplacian var 13.0 < limit 15.0)
2026-07-18 18:58:42,171 | INFO     | [REJECT] Rejected augmented video hot_021_02_aug_01.avi: Excessive blur (laplacian var 12.7 < limit 15.0)
2026-07-18 18:58:51,428 | INFO     | [REJECT] Rejected augmented video hot_022_01_aug_01.avi: Excessive blur (laplacian var 7.4 < limit 15.0)
2026-07-18 18:58:54,441 | INFO     | [OK] Created augmented video hot_022_02_aug_02.avi (blur=50.2, exp=110.1, mp_rate=94.9%)
2026-07-18 18:58:55,704 | INFO     | [REJECT] Rejected augmented video hot_022_02_aug_01.avi: Excessive blur (laplacian var 4.5 < limit 15.0)
2026-07-18 18:58:58,850 | INFO     | [OK] Created augmented video hot_021_01_aug_02.avi (blur=185.5, exp=103.8, mp_rate=90.6%)
2026-07-18 18:59:00,137 | INFO     | [OK] Created augmented video hot_020_02_aug_03.avi (blur=79.2, exp=118.8, mp_rate=100.0%)
2026-07-18 18:59:07,872 | INFO     | [OK] Created augmented video hot_023_01_aug_01.avi (blur=91.7, exp=104.2, mp_rate=97.2%)
2026-07-18 18:59:11,906 | INFO     | [REJECT] Rejected augmented video hot_023_01_aug_03.avi: Excessive blur (laplacian var 5.6 < limit 15.0)
2026-07-18 18:59:13,440 | INFO     | [OK] Created augmented video hot_023_01_aug_02.avi (blur=57.4, exp=108.9, mp_rate=100.0%)
2026-07-18 18:59:19,565 | INFO     | [REJECT] Rejected augmented video hot_023_02_aug_01.avi: Excessive blur (laplacian var 5.6 < limit 15.0)
2026-07-18 18:59:20,003 | INFO     | [OK] Created augmented video hot_021_02_aug_03.avi (blur=1562.0, exp=116.8, mp_rate=100.0%)
2026-07-18 18:59:20,505 | INFO     | [REJECT] Rejected augmented video hot_021_02_aug_02.avi: Hand detection rate 1.5% below threshold 80.0%
2026-07-18 18:59:23,668 | INFO     | [OK] Created augmented video hot_023_02_aug_02.avi (blur=34.7, exp=96.5, mp_rate=100.0%)
2026-07-18 18:59:24,552 | INFO     | [OK] Created augmented video hot_022_02_aug_03.avi (blur=611.2, exp=96.2, mp_rate=85.9%)
2026-07-18 18:59:35,128 | INFO     | [OK] Created augmented video hot_024_01_aug_02.avi (blur=21.5, exp=80.7, mp_rate=100.0%)
2026-07-18 18:59:35,831 | INFO     | [OK] Created augmented video hot_024_01_aug_01.avi (blur=209.5, exp=122.4, mp_rate=100.0%)
2026-07-18 18:59:39,369 | INFO     | [REJECT] Rejected augmented video hot_022_01_aug_02.avi: Hand detection rate 67.0% below threshold 80.0%
2026-07-18 18:59:40,317 | INFO     | [OK] Created augmented video hot_022_01_aug_03.avi (blur=582.6, exp=105.0, mp_rate=98.9%)
2026-07-18 18:59:43,828 | INFO     | [OK] Created augmented video hot_024_02_aug_01.avi (blur=17.9, exp=82.9, mp_rate=100.0%)
2026-07-18 18:59:45,077 | INFO     | [OK] Created augmented video hot_024_01_aug_03.avi (blur=132.3, exp=93.7, mp_rate=100.0%)
2026-07-18 18:59:51,876 | INFO     | [OK] Created augmented video hot_023_02_aug_03.avi (blur=47.2, exp=88.7, mp_rate=100.0%)
2026-07-18 19:00:00,960 | INFO     | [OK] Created augmented video hot_024_02_aug_03.avi (blur=269.0, exp=118.7, mp_rate=100.0%)
2026-07-18 19:00:01,143 | INFO     | [OK] Created augmented video hot_025_01_aug_01.avi (blur=16.3, exp=122.9, mp_rate=100.0%)
2026-07-18 19:00:04,207 | INFO     | [OK] Created augmented video hot_025_02_aug_03.avi (blur=16.9, exp=124.1, mp_rate=100.0%)
2026-07-18 19:00:05,683 | INFO     | [OK] Created augmented video hot_024_02_aug_02.avi (blur=1825.0, exp=102.1, mp_rate=100.0%)
2026-07-18 19:00:08,719 | INFO     | [OK] Created augmented video hot_026_01_aug_01.avi (blur=30.5, exp=116.3, mp_rate=100.0%)
2026-07-18 19:00:12,367 | INFO     | [OK] Created augmented video hot_025_01_aug_03.avi (blur=24.7, exp=124.6, mp_rate=100.0%)
2026-07-18 19:00:13,683 | INFO     | [OK] Created augmented video hot_025_01_aug_02.avi (blur=27.1, exp=108.5, mp_rate=100.0%)
2026-07-18 19:00:14,358 | INFO     | [REJECT] Rejected augmented video hot_026_01_aug_02.avi: Excessive blur (laplacian var 7.7 < limit 15.0)
2026-07-18 19:00:15,679 | INFO     | [OK] Created augmented video hot_025_02_aug_01.avi (blur=18.1, exp=124.9, mp_rate=100.0%)
2026-07-18 19:00:24,315 | INFO     | [OK] Created augmented video hot_026_02_aug_01.avi (blur=54.5, exp=107.4, mp_rate=100.0%)
2026-07-18 19:00:26,422 | INFO     | [OK] Created augmented video hot_026_02_aug_03.avi (blur=73.7, exp=128.6, mp_rate=100.0%)
2026-07-18 19:00:30,278 | INFO     | [OK] Created augmented video hot_025_02_aug_02.avi (blur=1338.2, exp=125.4, mp_rate=100.0%)
2026-07-18 19:00:33,311 | INFO     | [REJECT] Rejected augmented video pain001_01_aug_02.avi: Excessive blur (laplacian var 12.8 < limit 15.0)
2026-07-18 19:00:35,513 | INFO     | [REJECT] Rejected augmented video pain001_02_aug_01.avi: Excessive blur (laplacian var 5.2 < limit 15.0)
2026-07-18 19:00:36,012 | INFO     | [REJECT] Rejected augmented video pain001_02_aug_02.avi: Excessive blur (laplacian var 7.1 < limit 15.0)
2026-07-18 19:00:36,964 | INFO     | [REJECT] Rejected augmented video pain001_01_aug_03.avi: Excessive blur (laplacian var 11.9 < limit 15.0)
2026-07-18 19:00:37,486 | INFO     | [REJECT] Rejected augmented video pain001_02_aug_03.avi: Excessive blur (laplacian var 13.0 < limit 15.0)
2026-07-18 19:00:40,582 | INFO     | [OK] Created augmented video hot_026_01_aug_03.avi (blur=153.2, exp=126.2, mp_rate=100.0%)
2026-07-18 19:00:41,707 | INFO     | [OK] Created augmented video hot_026_02_aug_02.avi (blur=740.6, exp=119.0, mp_rate=100.0%)
2026-07-18 19:00:53,709 | INFO     | [OK] Created augmented video pain002_01_aug_01.avi (blur=151.2, exp=78.2, mp_rate=100.0%)
2026-07-18 19:00:54,170 | INFO     | [REJECT] Rejected augmented video pain002_01_aug_03.avi: Excessive blur (laplacian var 5.0 < limit 15.0)
2026-07-18 19:00:56,019 | INFO     | [OK] Created augmented video pain002_02_aug_02.avi (blur=43.4, exp=49.9, mp_rate=84.4%)
2026-07-18 19:00:56,440 | INFO     | [REJECT] Rejected augmented video pain002_02_aug_03.avi: Excessive blur (laplacian var 2.9 < limit 15.0)
2026-07-18 19:00:56,925 | INFO     | [REJECT] Rejected augmented video pain003_01_aug_01.avi: Excessive blur (laplacian var 7.5 < limit 15.0)
2026-07-18 19:00:57,644 | INFO     | [OK] Created augmented video pain002_02_aug_01.avi (blur=430.4, exp=66.6, mp_rate=100.0%)
2026-07-18 19:01:00,196 | INFO     | [REJECT] Rejected augmented video pain003_01_aug_02.avi: Hand detection rate 73.7% below threshold 80.0%
2026-07-18 19:01:01,562 | INFO     | [OK] Created augmented video pain002_01_aug_02.avi (blur=3481.5, exp=55.0, mp_rate=100.0%)
2026-07-18 19:01:02,156 | INFO     | [REJECT] Rejected augmented video pain003_02_aug_01.avi: Excessive blur (laplacian var 5.4 < limit 15.0)
2026-07-18 19:01:03,406 | INFO     | [REJECT] Rejected augmented video pain003_01_aug_03.avi: Hand detection rate 73.7% below threshold 80.0%
2026-07-18 19:01:15,065 | INFO     | [REJECT] Rejected augmented video pain004_01_aug_01.avi: Excessive blur (laplacian var 14.6 < limit 15.0)
2026-07-18 19:01:15,616 | INFO     | [REJECT] Rejected augmented video pain004_01_aug_02.avi: Hand detection rate 61.5% below threshold 80.0%
2026-07-18 19:01:16,195 | INFO     | [OK] Created augmented video pain004_01_aug_03.avi (blur=61.1, exp=68.1, mp_rate=80.8%)
2026-07-18 19:01:18,665 | INFO     | [REJECT] Rejected augmented video pain003_02_aug_02.avi: Hand detection rate 8.9% below threshold 80.0%
2026-07-18 19:01:19,002 | INFO     | [REJECT] Rejected augmented video pain003_02_aug_03.avi: Hand detection rate 36.7% below threshold 80.0%
2026-07-18 19:01:19,153 | INFO     | [REJECT] Rejected augmented video pain004_02_aug_02.avi: Excessive blur (laplacian var 7.7 < limit 15.0)
2026-07-18 19:01:20,158 | INFO     | [OK] Created augmented video pain004_02_aug_01.avi (blur=49.3, exp=73.1, mp_rate=100.0%)
2026-07-18 19:01:25,698 | INFO     | [OK] Created augmented video pain004_02_aug_03.avi (blur=1597.2, exp=76.8, mp_rate=100.0%)
2026-07-18 19:01:28,634 | INFO     | [OK] Created augmented video pain005_01_aug_01.avi (blur=239.3, exp=73.5, mp_rate=100.0%)
2026-07-18 19:01:29,154 | INFO     | [REJECT] Rejected augmented video pain005_01_aug_02.avi: Hand detection rate 61.3% below threshold 80.0%
2026-07-18 19:01:36,081 | INFO     | [OK] Created augmented video pain005_01_aug_03.avi (blur=74.7, exp=86.6, mp_rate=100.0%)
2026-07-18 19:01:37,403 | INFO     | [OK] Created augmented video pain005_02_aug_02.avi (blur=270.1, exp=73.8, mp_rate=100.0%)
2026-07-18 19:01:38,206 | INFO     | [REJECT] Rejected augmented video pain006_01_aug_01.avi: Excessive blur (laplacian var 7.4 < limit 15.0)
2026-07-18 19:01:38,265 | INFO     | [OK] Created augmented video pain006_01_aug_02.avi (blur=91.9, exp=87.3, mp_rate=100.0%)
2026-07-18 19:01:38,429 | INFO     | [OK] Created augmented video pain005_02_aug_01.avi (blur=1924.0, exp=73.9, mp_rate=100.0%)
2026-07-18 19:01:39,286 | INFO     | [REJECT] Rejected augmented video pain006_01_aug_03.avi: Hand detection rate 11.1% below threshold 80.0%
2026-07-18 19:01:39,985 | INFO     | [OK] Created augmented video pain005_02_aug_03.avi (blur=766.2, exp=73.8, mp_rate=100.0%)
2026-07-18 19:01:43,572 | INFO     | [OK] Created augmented video pain006_02_aug_01.avi (blur=38.3, exp=86.6, mp_rate=100.0%)
2026-07-18 19:01:49,956 | INFO     | [OK] Created augmented video pain006_02_aug_03.avi (blur=134.0, exp=75.0, mp_rate=100.0%)
2026-07-18 19:01:52,992 | INFO     | [OK] Created augmented video pain006_02_aug_02.avi (blur=1209.8, exp=85.3, mp_rate=100.0%)
2026-07-18 19:01:57,311 | INFO     | [REJECT] Rejected augmented video pain007_01_aug_02.avi: Excessive blur (laplacian var 4.3 < limit 15.0)
2026-07-18 19:01:58,193 | INFO     | [REJECT] Rejected augmented video pain007_01_aug_03.avi: Excessive blur (laplacian var 6.8 < limit 15.0)
2026-07-18 19:01:59,405 | INFO     | [REJECT] Rejected augmented video pain007_02_aug_03.avi: Excessive blur (laplacian var 14.7 < limit 15.0)
2026-07-18 19:02:00,328 | INFO     | [REJECT] Rejected augmented video pain007_01_aug_01.avi: Hand detection rate 18.4% below threshold 80.0%
2026-07-18 19:02:01,865 | INFO     | [OK] Created augmented video pain007_02_aug_02.avi (blur=207.0, exp=55.5, mp_rate=100.0%)
2026-07-18 19:02:02,048 | INFO     | [OK] Created augmented video pain007_02_aug_01.avi (blur=716.9, exp=86.8, mp_rate=93.4%)
2026-07-18 19:02:04,662 | INFO     | [REJECT] Rejected augmented video pain008_01_aug_02.avi: Excessive blur (laplacian var 3.6 < limit 15.0)
2026-07-18 19:02:05,023 | INFO     | [OK] Created augmented video pain008_01_aug_01.avi (blur=1092.5, exp=93.9, mp_rate=100.0%)
2026-07-18 19:02:10,477 | INFO     | [OK] Created augmented video pain008_01_aug_03.avi (blur=59.5, exp=82.5, mp_rate=100.0%)
2026-07-18 19:02:11,198 | INFO     | [OK] Created augmented video pain008_02_aug_01.avi (blur=60.9, exp=82.7, mp_rate=100.0%)
2026-07-18 19:02:19,738 | INFO     | [REJECT] Rejected augmented video pain008_02_aug_02.avi: Excessive blur (laplacian var 4.6 < limit 15.0)
2026-07-18 19:02:21,029 | INFO     | [OK] Created augmented video pain008_02_aug_03.avi (blur=49.2, exp=87.2, mp_rate=100.0%)
2026-07-18 19:02:28,737 | INFO     | [REJECT] Rejected augmented video pain009_02_aug_01.avi: Excessive blur (laplacian var 11.4 < limit 15.0)
2026-07-18 19:02:29,140 | INFO     | [REJECT] Rejected augmented video pain009_01_aug_01.avi: Hand detection rate 1.1% below threshold 80.0%
2026-07-18 19:02:30,552 | INFO     | [REJECT] Rejected augmented video pain009_01_aug_02.avi: Excessive blur (laplacian var 9.4 < limit 15.0)
2026-07-18 19:02:32,603 | INFO     | [REJECT] Rejected augmented video pain009_01_aug_03.avi: Excessive blur (laplacian var 3.1 < limit 15.0)
2026-07-18 19:02:37,385 | INFO     | [REJECT] Rejected augmented video pain009_02_aug_03.avi: Hand detection rate 0.0% below threshold 80.0%
2026-07-18 19:02:37,972 | INFO     | [REJECT] Rejected augmented video pain009_02_aug_02.avi: Hand detection rate 3.9% below threshold 80.0%
2026-07-18 19:02:43,399 | INFO     | [OK] Created augmented video pain010_01_aug_01.avi (blur=149.2, exp=62.8, mp_rate=97.5%)
2026-07-18 19:02:44,427 | INFO     | [OK] Created augmented video pain010_01_aug_02.avi (blur=187.4, exp=89.5, mp_rate=88.6%)
2026-07-18 19:02:50,985 | INFO     | [REJECT] Rejected augmented video pain010_01_aug_03.avi: Hand detection rate 39.2% below threshold 80.0%
2026-07-18 19:02:55,821 | INFO     | [REJECT] Rejected augmented video pain010_02_aug_01.avi: Excessive blur (laplacian var 4.6 < limit 15.0)
2026-07-18 19:03:04,310 | INFO     | [REJECT] Rejected augmented video pain010_02_aug_02.avi: Excessive blur (laplacian var 6.0 < limit 15.0)
2026-07-18 19:03:04,554 | INFO     | [REJECT] Rejected augmented video pain010_02_aug_03.avi: Excessive blur (laplacian var 4.8 < limit 15.0)
2026-07-18 19:03:10,673 | INFO     | [REJECT] Rejected augmented video pain011_02_aug_01.avi: Excessive blur (laplacian var 7.8 < limit 15.0)
2026-07-18 19:03:10,727 | INFO     | [REJECT] Rejected augmented video pain011_01_aug_01.avi: Hand detection rate 33.3% below threshold 80.0%
2026-07-18 19:03:11,212 | INFO     | [OK] Created augmented video pain011_01_aug_03.avi (blur=17.1, exp=91.6, mp_rate=100.0%)
2026-07-18 19:03:11,562 | INFO     | [OK] Created augmented video pain011_01_aug_02.avi (blur=326.9, exp=76.6, mp_rate=100.0%)
2026-07-18 19:03:21,374 | INFO     | [REJECT] Rejected augmented video pain011_02_aug_02.avi: Hand detection rate 14.8% below threshold 80.0%
2026-07-18 19:03:21,822 | INFO     | [OK] Created augmented video pain011_02_aug_03.avi (blur=49.9, exp=57.9, mp_rate=100.0%)
2026-07-18 19:03:32,678 | INFO     | [OK] Created augmented video pain012_01_aug_01.avi (blur=615.3, exp=74.8, mp_rate=96.7%)
2026-07-18 19:03:36,004 | INFO     | [REJECT] Rejected augmented video pain012_02_aug_01.avi: Excessive blur (laplacian var 5.8 < limit 15.0)
2026-07-18 19:03:37,317 | INFO     | [OK] Created augmented video pain012_01_aug_02.avi (blur=369.5, exp=75.9, mp_rate=98.9%)
2026-07-18 19:03:40,525 | INFO     | [REJECT] Rejected augmented video pain012_01_aug_03.avi: Hand detection rate 75.6% below threshold 80.0%
2026-07-18 19:03:42,000 | INFO     | [OK] Created augmented video pain012_02_aug_02.avi (blur=27.9, exp=122.7, mp_rate=100.0%)
2026-07-18 19:03:42,128 | INFO     | [REJECT] Rejected augmented video pain012_02_aug_03.avi: Excessive blur (laplacian var 11.7 < limit 15.0)
2026-07-18 19:03:42,178 | INFO     | [REJECT] Rejected augmented video pain013_01_aug_02.avi: Excessive blur (laplacian var 4.0 < limit 15.0)
2026-07-18 19:03:47,328 | INFO     | [OK] Created augmented video pain013_01_aug_01.avi (blur=1003.3, exp=69.1, mp_rate=100.0%)
2026-07-18 19:03:52,031 | INFO     | [OK] Created augmented video pain013_01_aug_03.avi (blur=17.3, exp=69.1, mp_rate=100.0%)
2026-07-18 19:03:54,321 | INFO     | [REJECT] Rejected augmented video pain013_02_aug_01.avi: Excessive blur (laplacian var 6.2 < limit 15.0)
2026-07-18 19:04:05,881 | INFO     | [REJECT] Rejected augmented video pain013_02_aug_02.avi: Hand detection rate 61.7% below threshold 80.0%
2026-07-18 19:04:09,306 | INFO     | [OK] Created augmented video pain013_02_aug_03.avi (blur=32.8, exp=50.3, mp_rate=82.7%)
2026-07-18 19:04:12,187 | INFO     | [OK] Created augmented video pain014_01_aug_02.avi (blur=211.4, exp=99.4, mp_rate=100.0%)
2026-07-18 19:04:13,571 | INFO     | [OK] Created augmented video pain014_01_aug_01.avi (blur=211.1, exp=74.3, mp_rate=100.0%)
2026-07-18 19:04:13,929 | INFO     | [REJECT] Rejected augmented video pain014_02_aug_01.avi: Hand detection rate 48.1% below threshold 80.0%
2026-07-18 19:04:19,243 | INFO     | [REJECT] Rejected augmented video pain014_02_aug_03.avi: Excessive blur (laplacian var 5.9 < limit 15.0)
2026-07-18 19:04:22,864 | INFO     | [REJECT] Rejected augmented video pain015_01_aug_02.avi: Excessive blur (laplacian var 10.2 < limit 15.0)
2026-07-18 19:04:25,440 | INFO     | [OK] Created augmented video pain014_01_aug_03.avi (blur=1598.9, exp=71.1, mp_rate=100.0%)
2026-07-18 19:04:25,816 | INFO     | [OK] Created augmented video pain014_02_aug_02.avi (blur=3068.0, exp=73.4, mp_rate=100.0%)
2026-07-18 19:04:26,174 | INFO     | [OK] Created augmented video pain015_01_aug_01.avi (blur=514.5, exp=107.8, mp_rate=100.0%)
2026-07-18 19:04:34,811 | INFO     | [OK] Created augmented video pain015_01_aug_03.avi (blur=27.6, exp=86.1, mp_rate=100.0%)
2026-07-18 19:04:49,038 | INFO     | [OK] Created augmented video pain015_02_aug_02.avi (blur=82.0, exp=71.7, mp_rate=87.5%)
2026-07-18 19:04:51,322 | INFO     | [REJECT] Rejected augmented video pain016_01_aug_02.avi: Excessive blur (laplacian var 6.3 < limit 15.0)
2026-07-18 19:04:52,553 | INFO     | [OK] Created augmented video pain016_01_aug_01.avi (blur=263.0, exp=115.6, mp_rate=100.0%)
2026-07-18 19:04:53,858 | INFO     | [OK] Created augmented video pain015_02_aug_01.avi (blur=503.5, exp=84.4, mp_rate=100.0%)
2026-07-18 19:04:57,556 | INFO     | [REJECT] Rejected augmented video pain016_02_aug_01.avi: Hand detection rate 14.3% below threshold 80.0%
2026-07-18 19:05:00,715 | INFO     | [OK] Created augmented video pain016_01_aug_03.avi (blur=346.6, exp=66.2, mp_rate=98.7%)
2026-07-18 19:05:04,807 | INFO     | [REJECT] Rejected augmented video pain016_02_aug_03.avi: Hand detection rate 18.2% below threshold 80.0%
2026-07-18 19:05:05,629 | INFO     | [OK] Created augmented video pain015_02_aug_03.avi (blur=2697.1, exp=69.5, mp_rate=100.0%)
2026-07-18 19:05:06,137 | INFO     | [REJECT] Rejected augmented video pain016_02_aug_02.avi: Hand detection rate 32.5% below threshold 80.0%
2026-07-18 19:05:07,160 | INFO     | [REJECT] Rejected augmented video pain017_01_aug_01.avi: Hand detection rate 76.2% below threshold 80.0%
2026-07-18 19:05:21,751 | INFO     | [REJECT] Rejected augmented video pain017_02_aug_01.avi: Excessive blur (laplacian var 4.4 < limit 15.0)
2026-07-18 19:05:22,155 | INFO     | [REJECT] Rejected augmented video pain017_01_aug_03.avi: Excessive blur (laplacian var 13.2 < limit 15.0)
2026-07-18 19:05:22,873 | INFO     | [REJECT] Rejected augmented video pain017_02_aug_02.avi: Excessive blur (laplacian var 8.8 < limit 15.0)
2026-07-18 19:05:25,076 | INFO     | [OK] Created augmented video pain017_01_aug_02.avi (blur=302.2, exp=74.3, mp_rate=100.0%)
2026-07-18 19:05:31,401 | INFO     | [REJECT] Rejected augmented video pain017_02_aug_03.avi: Hand detection rate 60.5% below threshold 80.0%
2026-07-18 19:05:34,495 | INFO     | [OK] Created augmented video pain018_01_aug_01.avi (blur=39.2, exp=57.0, mp_rate=82.0%)
2026-07-18 19:14:20,050 | INFO     | [REJECT] Rejected augmented video pain018_02_aug_02.avi: Excessive blur (laplacian var 8.1 < limit 15.0)
2026-07-18 19:14:20,499 | INFO     | [OK] Created augmented video pain018_01_aug_02.avi (blur=28.5, exp=37.8, mp_rate=96.6%)
2026-07-18 19:14:21,484 | INFO     | [OK] Created augmented video pain018_01_aug_03.avi (blur=50.7, exp=68.7, mp_rate=98.9%)
2026-07-18 19:14:23,460 | INFO     | [OK] Created augmented video pain018_02_aug_01.avi (blur=112.1, exp=71.0, mp_rate=100.0%)
2026-07-18 19:29:00,997 | INFO     | [OK] Created augmented video pain018_02_aug_03.avi (blur=632.9, exp=56.0, mp_rate=100.0%)
2026-07-18 19:29:03,511 | INFO     | [REJECT] Rejected augmented video pain019_01_aug_02.avi: Hand detection rate 9.1% below threshold 80.0%
2026-07-18 19:29:05,281 | INFO     | [REJECT] Rejected augmented video pain019_01_aug_03.avi: Excessive blur (laplacian var 5.1 < limit 15.0)
2026-07-18 19:29:06,478 | INFO     | [REJECT] Rejected augmented video pain019_02_aug_02.avi: Hand detection rate 6.4% below threshold 80.0%
2026-07-18 19:29:06,602 | INFO     | [OK] Created augmented video pain019_01_aug_01.avi (blur=282.9, exp=106.0, mp_rate=88.9%)
2026-07-18 19:29:06,736 | INFO     | [OK] Created augmented video pain019_02_aug_01.avi (blur=133.0, exp=63.3, mp_rate=100.0%)
2026-07-18 19:29:09,051 | INFO     | [REJECT] Rejected augmented video pain019_02_aug_03.avi: Hand detection rate 69.2% below threshold 80.0%
2026-07-18 19:30:33,402 | INFO     | [OK] Created augmented video pain020_01_aug_01.avi (blur=40.0, exp=95.4, mp_rate=99.2%)
2026-07-18 19:30:34,157 | INFO     | [REJECT] Rejected augmented video pain020_01_aug_02.avi: Excessive blur (laplacian var 6.7 < limit 15.0)
2026-07-18 19:30:35,934 | INFO     | [REJECT] Rejected augmented video pain020_01_aug_03.avi: Excessive blur (laplacian var 4.5 < limit 15.0)
2026-07-18 19:30:36,612 | INFO     | [REJECT] Rejected augmented video pain020_02_aug_01.avi: Excessive blur (laplacian var 5.7 < limit 15.0)
2026-07-18 19:30:39,868 | INFO     | [REJECT] Rejected augmented video pain020_02_aug_02.avi: Excessive blur (laplacian var 6.3 < limit 15.0)
2026-07-18 19:30:41,484 | INFO     | [REJECT] Rejected augmented video pain021_01_aug_01.avi: Excessive blur (laplacian var 5.3 < limit 15.0)
2026-07-18 19:30:41,774 | INFO     | [REJECT] Rejected augmented video pain021_01_aug_02.avi: Excessive blur (laplacian var 9.8 < limit 15.0)
2026-07-18 19:30:41,866 | INFO     | [REJECT] Rejected augmented video pain021_01_aug_03.avi: Excessive blur (laplacian var 4.3 < limit 15.0)
2026-07-18 19:30:47,939 | INFO     | [OK] Created augmented video pain020_02_aug_03.avi (blur=949.3, exp=83.1, mp_rate=100.0%)
2026-07-18 19:30:50,283 | INFO     | [REJECT] Rejected augmented video pain021_02_aug_01.avi: Hand detection rate 9.9% below threshold 80.0%
2026-07-18 20:12:09,499 | INFO     | [REJECT] Rejected augmented video pain021_02_aug_02.avi: Excessive blur (laplacian var 3.4 < limit 15.0)
2026-07-18 21:09:40,639 | INFO     | [OK] Created augmented video pain021_02_aug_03.avi (blur=312.1, exp=97.6, mp_rate=97.2%)
2026-07-18 21:23:09,878 | INFO     | [REJECT] Rejected augmented video pain022_02_aug_03.avi: Excessive blur (laplacian var 4.1 < limit 15.0)
2026-07-18 21:23:09,909 | INFO     | [REJECT] Rejected augmented video pain022_02_aug_02.avi: Hand detection rate 74.4% below threshold 80.0%
2026-07-18 21:23:15,957 | INFO     | [OK] Created augmented video pain023_01_aug_01.avi (blur=47.3, exp=62.3, mp_rate=98.7%)
2026-07-18 21:23:17,011 | INFO     | [REJECT] Rejected augmented video pain022_02_aug_01.avi: Hand detection rate 48.7% below threshold 80.0%
2026-07-18 21:23:18,567 | INFO     | [OK] Created augmented video pain023_01_aug_02.avi (blur=72.7, exp=71.8, mp_rate=88.0%)
2026-07-18 21:23:19,585 | INFO     | [REJECT] Rejected augmented video pain022_01_aug_01.avi: Underexposure (mean luma 31.0 < limit 35.0)
2026-07-18 21:23:23,852 | INFO     | [OK] Created augmented video pain022_01_aug_03.avi (blur=30.2, exp=59.4, mp_rate=81.2%)
2026-07-18 21:23:28,528 | INFO     | [OK] Created augmented video pain023_01_aug_03.avi (blur=73.9, exp=65.8, mp_rate=98.7%)
2026-07-18 21:23:36,212 | INFO     | [OK] Created augmented video pain022_01_aug_02.avi (blur=776.3, exp=80.8, mp_rate=100.0%)
2026-07-18 21:23:39,635 | INFO     | [OK] Created augmented video pain023_02_aug_01.avi (blur=1772.4, exp=63.0, mp_rate=100.0%)
2026-07-18 21:55:03,436 | INFO     | [REJECT] Rejected augmented video pain023_02_aug_03.avi: Hand detection rate 65.3% below threshold 80.0%
2026-07-18 21:55:03,529 | INFO     | [OK] Created augmented video pain023_02_aug_02.avi (blur=99.7, exp=74.9, mp_rate=100.0%)
2026-07-18 22:13:36,620 | INFO     | [REJECT] Rejected augmented video pain024_01_aug_02.avi: Excessive blur (laplacian var 4.8 < limit 15.0)
2026-07-18 22:13:38,018 | INFO     | [OK] Created augmented video pain024_01_aug_03.avi (blur=106.3, exp=76.2, mp_rate=100.0%)
2026-07-18 22:13:39,101 | INFO     | [OK] Created augmented video pain024_01_aug_01.avi (blur=793.2, exp=62.9, mp_rate=100.0%)
2026-07-18 22:13:40,583 | INFO     | [OK] Created augmented video pain024_02_aug_01.avi (blur=40.7, exp=67.3, mp_rate=100.0%)
2026-07-18 23:53:29,856 | INFO     | [OK] Created augmented video pain024_02_aug_02.avi (blur=85.8, exp=67.8, mp_rate=100.0%)
2026-07-19 02:03:52,039 | INFO     | [OK] Created augmented video pain024_02_aug_03.avi (blur=15.9, exp=66.9, mp_rate=100.0%)
2026-07-19 13:44:38,723 | INFO     | [REJECT] Rejected augmented video pain025_01_aug_01.avi: Excessive blur (laplacian var 11.3 < limit 15.0)
2026-07-19 13:44:42,503 | INFO     | [REJECT] Rejected augmented video pain025_01_aug_03.avi: Excessive blur (laplacian var 5.4 < limit 15.0)
2026-07-19 13:44:47,561 | INFO     | [OK] Created augmented video pain025_01_aug_02.avi (blur=76.9, exp=73.8, mp_rate=100.0%)
2026-07-19 13:44:48,685 | INFO     | [OK] Created augmented video pain025_02_aug_01.avi (blur=359.7, exp=86.1, mp_rate=100.0%)
2026-07-19 13:44:51,955 | INFO     | [OK] Created augmented video pain026_01_aug_02.avi (blur=43.1, exp=70.9, mp_rate=100.0%)
2026-07-19 13:44:52,307 | INFO     | [OK] Created augmented video pain025_02_aug_03.avi (blur=116.9, exp=116.3, mp_rate=100.0%)
2026-07-19 13:44:56,213 | INFO     | [REJECT] Rejected augmented video pain026_01_aug_03.avi: Excessive blur (laplacian var 11.2 < limit 15.0)
2026-07-19 13:44:58,267 | INFO     | [OK] Created augmented video pain025_02_aug_02.avi (blur=4885.1, exp=89.3, mp_rate=100.0%)
2026-07-19 13:44:58,599 | INFO     | [OK] Created augmented video pain026_01_aug_01.avi (blur=2092.0, exp=95.5, mp_rate=100.0%)
2026-07-19 13:45:01,224 | INFO     | [REJECT] Rejected augmented video pain026_02_aug_01.avi: Excessive blur (laplacian var 4.7 < limit 15.0)
2026-07-19 13:45:11,966 | INFO     | [REJECT] Rejected augmented video pain026_02_aug_03.avi: Excessive blur (laplacian var 6.7 < limit 15.0)
2026-07-19 13:45:26,569 | INFO     | [REJECT] Rejected augmented video pain_001_01_aug_02.avi: Excessive blur (laplacian var 2.6 < limit 15.0)
2026-07-19 13:45:27,180 | INFO     | [REJECT] Rejected augmented video pain_001_02_aug_03.avi: Excessive blur (laplacian var 14.6 < limit 15.0)
2026-07-19 13:45:27,374 | INFO     | [REJECT] Rejected augmented video pain_001_02_aug_02.avi: Excessive blur (laplacian var 9.0 < limit 15.0)
2026-07-19 13:45:27,433 | INFO     | [REJECT] Rejected augmented video pain_001_01_aug_03.avi: Excessive blur (laplacian var 7.6 < limit 15.0)
2026-07-19 13:45:31,400 | INFO     | [OK] Created augmented video pain026_02_aug_02.avi (blur=2064.1, exp=65.2, mp_rate=94.6%)
2026-07-19 13:45:34,078 | INFO     | [OK] Created augmented video pain_002_01_aug_01.avi (blur=109.1, exp=98.0, mp_rate=100.0%)
2026-07-19 13:45:37,019 | INFO     | [REJECT] Rejected augmented video pain_002_01_aug_02.avi: Excessive blur (laplacian var 5.8 < limit 15.0)
2026-07-19 13:45:42,720 | INFO     | [OK] Created augmented video pain_001_02_aug_01.avi (blur=592.1, exp=144.6, mp_rate=100.0%)
2026-07-19 13:45:45,733 | INFO     | [REJECT] Rejected augmented video pain_002_02_aug_01.avi: Excessive blur (laplacian var 10.3 < limit 15.0)
2026-07-19 13:45:49,768 | INFO     | [OK] Created augmented video pain_003_01_aug_02.avi (blur=161.4, exp=113.9, mp_rate=100.0%)
2026-07-19 13:45:50,401 | INFO     | [REJECT] Rejected augmented video pain_003_01_aug_03.avi: Excessive blur (laplacian var 12.9 < limit 15.0)
2026-07-19 13:45:54,285 | INFO     | [OK] Created augmented video pain_001_01_aug_01.avi (blur=2303.1, exp=120.2, mp_rate=100.0%)
2026-07-19 13:46:00,472 | INFO     | [REJECT] Rejected augmented video pain_003_02_aug_02.avi: Excessive blur (laplacian var 8.3 < limit 15.0)
2026-07-19 13:46:07,143 | INFO     | [OK] Created augmented video pain_003_02_aug_03.avi (blur=62.0, exp=117.7, mp_rate=100.0%)
2026-07-19 13:46:07,399 | INFO     | [REJECT] Rejected augmented video pain_004_01_aug_01.avi: Excessive blur (laplacian var 4.7 < limit 15.0)
2026-07-19 13:46:11,054 | INFO     | [OK] Created augmented video pain_004_01_aug_03.avi (blur=54.8, exp=113.2, mp_rate=100.0%)
2026-07-19 13:46:14,626 | INFO     | [OK] Created augmented video pain_004_02_aug_01.avi (blur=39.6, exp=102.1, mp_rate=100.0%)
2026-07-19 13:46:23,587 | INFO     | [OK] Created augmented video pain_003_01_aug_01.avi (blur=112.7, exp=110.8, mp_rate=100.0%)
2026-07-19 13:46:24,184 | INFO     | [OK] Created augmented video pain_002_02_aug_02.avi (blur=550.6, exp=108.1, mp_rate=100.0%)
2026-07-19 13:46:37,100 | INFO     | [OK] Created augmented video pain_005_02_aug_01.avi (blur=19.2, exp=123.6, mp_rate=100.0%)
2026-07-19 13:46:38,719 | INFO     | [OK] Created augmented video pain_005_01_aug_03.avi (blur=29.2, exp=130.5, mp_rate=100.0%)
2026-07-19 13:46:39,443 | INFO     | [OK] Created augmented video pain_003_02_aug_01.avi (blur=104.5, exp=101.2, mp_rate=100.0%)
2026-07-19 13:46:49,550 | INFO     | [OK] Created augmented video pain_005_02_aug_03.avi (blur=103.4, exp=116.3, mp_rate=100.0%)
2026-07-19 13:46:51,291 | INFO     | [REJECT] Rejected augmented video pain_005_02_aug_02.avi: Excessive blur (laplacian var 10.0 < limit 15.0)
2026-07-19 13:46:58,495 | INFO     | [OK] Created augmented video pain_006_01_aug_02.avi (blur=144.4, exp=112.6, mp_rate=100.0%)
2026-07-19 13:47:07,241 | INFO     | [REJECT] Rejected augmented video pain_006_02_aug_01.avi: Excessive blur (laplacian var 11.5 < limit 15.0)
2026-07-19 13:47:25,101 | INFO     | [OK] Created augmented video pain_004_02_aug_02.avi (blur=557.6, exp=83.4, mp_rate=100.0%)
2026-07-19 13:47:33,748 | INFO     | [OK] Created augmented video pain_005_01_aug_02.avi (blur=871.1, exp=115.5, mp_rate=100.0%)
2026-07-19 13:47:34,898 | INFO     | [OK] Created augmented video pain_006_02_aug_03.avi (blur=18.2, exp=121.1, mp_rate=100.0%)
2026-07-19 13:47:47,505 | INFO     | [OK] Created augmented video pain_007_01_aug_02.avi (blur=118.0, exp=97.2, mp_rate=100.0%)
2026-07-19 13:47:55,013 | INFO     | [OK] Created augmented video pain_004_01_aug_02.avi (blur=2339.3, exp=114.4, mp_rate=100.0%)
2026-07-19 13:47:58,204 | INFO     | [OK] Created augmented video pain_007_01_aug_03.avi (blur=32.4, exp=120.6, mp_rate=100.0%)
2026-07-19 13:48:06,599 | INFO     | [OK] Created augmented video pain_002_01_aug_03.avi (blur=2694.7, exp=122.3, mp_rate=100.0%)
2026-07-19 13:48:08,436 | INFO     | [OK] Created augmented video pain_007_02_aug_01.avi (blur=15.0, exp=117.3, mp_rate=100.0%)
2026-07-19 13:48:09,228 | INFO     | [REJECT] Rejected augmented video pain_007_02_aug_02.avi: Excessive blur (laplacian var 8.9 < limit 15.0)
2026-07-19 13:48:12,699 | INFO     | [OK] Created augmented video pain_002_02_aug_03.avi (blur=1281.1, exp=102.6, mp_rate=100.0%)
2026-07-19 13:48:18,218 | INFO     | [OK] Created augmented video pain_004_02_aug_03.avi (blur=915.3, exp=115.0, mp_rate=100.0%)
2026-07-19 13:48:23,165 | INFO     | [OK] Created augmented video pain_005_01_aug_01.avi (blur=924.9, exp=145.4, mp_rate=100.0%)
2026-07-19 13:48:25,013 | INFO     | [OK] Created augmented video pain_007_02_aug_03.avi (blur=19.6, exp=109.7, mp_rate=100.0%)
2026-07-19 13:48:25,121 | INFO     | [REJECT] Rejected augmented video pain_008_01_aug_01.avi: Excessive blur (laplacian var 10.6 < limit 15.0)
2026-07-19 13:48:28,020 | INFO     | [OK] Created augmented video pain_008_01_aug_02.avi (blur=26.6, exp=113.3, mp_rate=100.0%)
2026-07-19 13:48:33,893 | INFO     | [OK] Created augmented video pain_006_01_aug_01.avi (blur=838.1, exp=109.5, mp_rate=100.0%)
2026-07-19 13:48:37,487 | INFO     | [OK] Created augmented video pain_008_02_aug_01.avi (blur=27.2, exp=93.4, mp_rate=100.0%)
2026-07-19 13:48:39,319 | INFO     | [OK] Created augmented video pain_006_01_aug_03.avi (blur=806.4, exp=103.6, mp_rate=100.0%)
2026-07-19 13:48:42,656 | INFO     | [OK] Created augmented video pain_006_02_aug_02.avi (blur=1675.6, exp=124.5, mp_rate=100.0%)
2026-07-19 13:48:45,839 | INFO     | [REJECT] Rejected augmented video pain_008_02_aug_03.avi: Excessive blur (laplacian var 7.4 < limit 15.0)
2026-07-19 13:48:53,614 | INFO     | [REJECT] Rejected augmented video pain_009_01_aug_01.avi: Excessive blur (laplacian var 9.8 < limit 15.0)
2026-07-19 13:48:57,533 | INFO     | [REJECT] Rejected augmented video pain_009_01_aug_02.avi: Hand detection rate 8.0% below threshold 80.0%
2026-07-19 13:49:01,252 | INFO     | [REJECT] Rejected augmented video pain_009_02_aug_01.avi: Hand detection rate 37.7% below threshold 80.0%
2026-07-19 13:49:03,174 | INFO     | [REJECT] Rejected augmented video pain_009_01_aug_03.avi: Hand detection rate 20.5% below threshold 80.0%
2026-07-19 13:49:04,906 | INFO     | [REJECT] Rejected augmented video pain_009_02_aug_03.avi: Excessive blur (laplacian var 13.2 < limit 15.0)
2026-07-19 13:49:11,538 | INFO     | [OK] Created augmented video pain_007_01_aug_01.avi (blur=1022.5, exp=111.7, mp_rate=100.0%)
2026-07-19 13:49:18,783 | INFO     | [OK] Created augmented video pain_010_01_aug_03.avi (blur=247.5, exp=100.8, mp_rate=97.7%)
2026-07-19 13:49:21,437 | INFO     | [OK] Created augmented video pain_010_02_aug_02.avi (blur=25.1, exp=94.5, mp_rate=100.0%)
2026-07-19 13:49:21,689 | INFO     | [OK] Created augmented video pain_010_02_aug_01.avi (blur=26.0, exp=81.4, mp_rate=100.0%)
2026-07-19 13:49:22,998 | INFO     | [OK] Created augmented video pain_010_02_aug_03.avi (blur=87.2, exp=92.8, mp_rate=100.0%)
2026-07-19 13:49:36,625 | INFO     | [OK] Created augmented video pain_011_02_aug_01.avi (blur=30.8, exp=109.0, mp_rate=100.0%)
2026-07-19 13:49:38,417 | INFO     | [OK] Created augmented video pain_011_01_aug_03.avi (blur=42.1, exp=108.4, mp_rate=100.0%)
2026-07-19 13:49:50,357 | INFO     | [OK] Created augmented video pain_012_01_aug_01.avi (blur=29.9, exp=74.3, mp_rate=100.0%)
2026-07-19 13:49:50,370 | INFO     | [OK] Created augmented video pain_008_02_aug_02.avi (blur=958.2, exp=78.9, mp_rate=100.0%)
2026-07-19 13:49:50,675 | INFO     | [OK] Created augmented video pain_008_01_aug_03.avi (blur=1583.5, exp=114.1, mp_rate=100.0%)
2026-07-19 13:50:02,569 | INFO     | [OK] Created augmented video pain_012_02_aug_01.avi (blur=23.4, exp=101.7, mp_rate=100.0%)
2026-07-19 13:50:03,341 | INFO     | [OK] Created augmented video pain_010_01_aug_01.avi (blur=541.2, exp=101.3, mp_rate=100.0%)
2026-07-19 13:50:03,760 | INFO     | [REJECT] Rejected augmented video pain_012_01_aug_03.avi: Excessive blur (laplacian var 4.9 < limit 15.0)
2026-07-19 13:50:16,925 | INFO     | [OK] Created augmented video pain_013_01_aug_01.avi (blur=29.6, exp=161.1, mp_rate=100.0%)
2026-07-19 13:50:17,977 | INFO     | [OK] Created augmented video pain_012_02_aug_02.avi (blur=27.1, exp=93.1, mp_rate=100.0%)
2026-07-19 13:50:28,868 | INFO     | [OK] Created augmented video pain_013_01_aug_02.avi (blur=58.2, exp=117.5, mp_rate=100.0%)
2026-07-19 13:50:29,106 | INFO     | [OK] Created augmented video pain_009_02_aug_02.avi (blur=3620.4, exp=96.6, mp_rate=100.0%)
2026-07-19 13:50:31,434 | INFO     | [OK] Created augmented video pain_011_01_aug_01.avi (blur=803.9, exp=96.8, mp_rate=100.0%)
2026-07-19 13:50:31,986 | INFO     | [OK] Created augmented video pain_013_01_aug_03.avi (blur=22.1, exp=129.6, mp_rate=100.0%)
2026-07-19 13:50:40,463 | INFO     | [OK] Created augmented video pain_011_01_aug_02.avi (blur=126.8, exp=115.0, mp_rate=100.0%)
2026-07-19 13:50:48,558 | INFO     | [OK] Created augmented video pain_013_02_aug_01.avi (blur=92.3, exp=145.6, mp_rate=100.0%)
2026-07-19 13:50:49,178 | INFO     | [OK] Created augmented video pain_013_02_aug_03.avi (blur=45.4, exp=122.1, mp_rate=100.0%)
2026-07-19 13:50:50,988 | INFO     | [OK] Created augmented video pain_014_01_aug_01.avi (blur=165.8, exp=116.4, mp_rate=100.0%)
2026-07-19 13:50:58,149 | INFO     | [OK] Created augmented video pain_014_01_aug_02.avi (blur=161.2, exp=103.7, mp_rate=100.0%)
2026-07-19 13:51:02,706 | INFO     | [OK] Created augmented video pain_014_02_aug_02.avi (blur=110.3, exp=112.9, mp_rate=100.0%)
2026-07-19 13:51:11,852 | INFO     | [REJECT] Rejected augmented video pain_014_02_aug_03.avi: Excessive blur (laplacian var 11.0 < limit 15.0)
2026-07-19 13:51:12,793 | INFO     | [REJECT] Rejected augmented video pain_015_01_aug_01.avi: Excessive blur (laplacian var 14.7 < limit 15.0)
2026-07-19 13:51:18,485 | INFO     | [OK] Created augmented video pain_012_02_aug_03.avi (blur=205.9, exp=112.5, mp_rate=100.0%)
2026-07-19 13:51:21,595 | INFO     | [REJECT] Rejected augmented video pain_015_01_aug_03.avi: Excessive blur (laplacian var 10.4 < limit 15.0)
2026-07-19 13:51:34,604 | INFO     | [REJECT] Rejected augmented video pain_015_02_aug_02.avi: Excessive blur (laplacian var 3.9 < limit 15.0)
2026-07-19 13:51:34,724 | INFO     | [OK] Created augmented video pain_015_02_aug_01.avi (blur=180.6, exp=132.7, mp_rate=100.0%)
2026-07-19 13:51:39,687 | INFO     | [OK] Created augmented video pain_011_02_aug_02.avi (blur=4061.9, exp=107.7, mp_rate=96.3%)
2026-07-19 13:51:43,082 | INFO     | [OK] Created augmented video pain_016_01_aug_01.avi (blur=88.0, exp=105.3, mp_rate=100.0%)
2026-07-19 13:51:48,896 | INFO     | [OK] Created augmented video pain_013_02_aug_02.avi (blur=404.4, exp=108.6, mp_rate=100.0%)
2026-07-19 13:52:25,914 | INFO     | [OK] Created augmented video pain_015_01_aug_02.avi (blur=560.5, exp=145.4, mp_rate=100.0%)
2026-07-19 13:52:28,767 | INFO     | [OK] Created augmented video pain_012_01_aug_02.avi (blur=3836.6, exp=98.2, mp_rate=91.1%)
2026-07-19 13:52:28,886 | INFO     | [REJECT] Rejected augmented video pain_010_01_aug_02.avi: Hand detection rate 11.4% below threshold 80.0%
2026-07-19 13:52:41,726 | INFO     | [OK] Created augmented video pain_016_02_aug_02.avi (blur=117.6, exp=121.5, mp_rate=100.0%)
2026-07-19 13:52:43,350 | INFO     | [REJECT] Rejected augmented video pain_017_01_aug_01.avi: Excessive blur (laplacian var 12.9 < limit 15.0)
2026-07-19 13:52:53,214 | INFO     | [REJECT] Rejected augmented video pain_017_01_aug_02.avi: Excessive blur (laplacian var 12.2 < limit 15.0)
2026-07-19 13:53:00,918 | INFO     | [OK] Created augmented video pain_016_01_aug_02.avi (blur=278.8, exp=100.2, mp_rate=100.0%)
2026-07-19 13:53:05,762 | INFO     | [OK] Created augmented video pain_016_01_aug_03.avi (blur=99.2, exp=83.9, mp_rate=100.0%)
2026-07-19 13:53:08,080 | INFO     | [OK] Created augmented video pain_014_02_aug_01.avi (blur=956.7, exp=77.8, mp_rate=98.7%)
2026-07-19 13:53:09,557 | INFO     | [OK] Created augmented video pain_014_01_aug_03.avi (blur=3225.4, exp=107.7, mp_rate=100.0%)
2026-07-19 13:53:11,484 | INFO     | [OK] Created augmented video pain_011_02_aug_03.avi (blur=3311.9, exp=114.5, mp_rate=100.0%)
2026-07-19 13:53:16,542 | INFO     | [OK] Created augmented video pain_017_02_aug_03.avi (blur=134.1, exp=133.8, mp_rate=80.3%)
2026-07-19 13:53:21,067 | INFO     | [REJECT] Rejected augmented video pain_018_01_aug_01.avi: Excessive blur (laplacian var 7.5 < limit 15.0)
2026-07-19 13:53:32,738 | INFO     | [OK] Created augmented video pain_018_02_aug_02.avi (blur=37.7, exp=137.0, mp_rate=100.0%)
2026-07-19 13:53:40,988 | INFO     | [REJECT] Rejected augmented video pain_018_02_aug_03.avi: Excessive blur (laplacian var 5.2 < limit 15.0)
2026-07-19 13:53:55,590 | INFO     | [OK] Created augmented video pain_019_01_aug_01.avi (blur=31.4, exp=102.0, mp_rate=100.0%)
2026-07-19 13:54:07,545 | INFO     | [REJECT] Rejected augmented video pain_019_01_aug_02.avi: Excessive blur (laplacian var 13.0 < limit 15.0)
2026-07-19 13:54:09,370 | INFO     | [REJECT] Rejected augmented video pain_017_01_aug_03.avi: Hand detection rate 71.2% below threshold 80.0%
2026-07-19 13:54:14,133 | INFO     | [OK] Created augmented video pain_017_02_aug_01.avi (blur=627.4, exp=100.5, mp_rate=97.4%)
2026-07-19 13:54:17,736 | INFO     | [OK] Created augmented video pain_016_02_aug_01.avi (blur=2311.9, exp=101.1, mp_rate=100.0%)
2026-07-19 13:54:18,032 | INFO     | [OK] Created augmented video pain_015_02_aug_03.avi (blur=1369.6, exp=112.3, mp_rate=100.0%)
2026-07-19 13:54:22,589 | INFO     | [OK] Created augmented video pain_017_02_aug_02.avi (blur=538.1, exp=109.3, mp_rate=98.7%)
2026-07-19 13:54:22,738 | INFO     | [OK] Created augmented video pain_019_01_aug_03.avi (blur=19.3, exp=93.8, mp_rate=100.0%)
2026-07-19 13:54:33,917 | INFO     | [OK] Created augmented video pain_019_02_aug_02.avi (blur=73.9, exp=105.0, mp_rate=92.3%)
2026-07-19 13:54:38,188 | INFO     | [OK] Created augmented video pain_018_02_aug_01.avi (blur=51.7, exp=112.4, mp_rate=100.0%)
2026-07-19 13:54:39,024 | INFO     | [OK] Created augmented video pain_018_01_aug_02.avi (blur=195.1, exp=129.0, mp_rate=100.0%)
2026-07-19 13:54:41,310 | INFO     | [OK] Created augmented video pain_016_02_aug_03.avi (blur=878.2, exp=71.0, mp_rate=100.0%)
2026-07-19 13:54:41,817 | INFO     | [OK] Created augmented video pain_019_02_aug_03.avi (blur=29.7, exp=108.8, mp_rate=88.5%)
2026-07-19 13:54:53,850 | INFO     | [OK] Created augmented video pain_020_01_aug_01.avi (blur=29.4, exp=117.1, mp_rate=100.0%)
2026-07-19 13:54:57,874 | INFO     | [OK] Created augmented video pain_020_01_aug_03.avi (blur=25.9, exp=136.9, mp_rate=100.0%)
2026-07-19 13:55:00,279 | INFO     | [REJECT] Rejected augmented video pain_020_02_aug_01.avi: Excessive blur (laplacian var 14.2 < limit 15.0)
2026-07-19 13:55:07,790 | INFO     | [OK] Created augmented video pain_020_02_aug_02.avi (blur=16.2, exp=120.1, mp_rate=100.0%)
2026-07-19 13:55:08,060 | INFO     | [OK] Created augmented video pain_020_02_aug_03.avi (blur=20.1, exp=87.3, mp_rate=100.0%)
2026-07-19 13:55:08,503 | INFO     | [OK] Created augmented video pain_021_01_aug_01.avi (blur=17.7, exp=123.2, mp_rate=100.0%)
2026-07-19 13:55:21,486 | INFO     | [OK] Created augmented video pain_021_01_aug_03.avi (blur=32.7, exp=142.4, mp_rate=100.0%)
2026-07-19 13:55:24,977 | INFO     | [OK] Created augmented video pain_021_02_aug_02.avi (blur=24.0, exp=155.0, mp_rate=100.0%)
2026-07-19 13:55:25,218 | INFO     | [OK] Created augmented video pain_021_02_aug_01.avi (blur=16.7, exp=164.3, mp_rate=100.0%)
2026-07-19 13:55:29,914 | INFO     | [OK] Created augmented video pain_021_02_aug_03.avi (blur=41.5, exp=125.5, mp_rate=100.0%)
2026-07-19 13:55:31,144 | INFO     | [OK] Created augmented video pain_019_02_aug_01.avi (blur=1432.2, exp=89.8, mp_rate=88.5%)
2026-07-19 13:55:37,408 | INFO     | [OK] Created augmented video pain_021_01_aug_02.avi (blur=172.0, exp=123.8, mp_rate=100.0%)
2026-07-19 13:55:40,498 | INFO     | [OK] Created augmented video pain_022_01_aug_01.avi (blur=81.7, exp=106.3, mp_rate=100.0%)
2026-07-19 13:55:45,043 | INFO     | [OK] Created augmented video pain_022_02_aug_02.avi (blur=186.0, exp=111.6, mp_rate=100.0%)
2026-07-19 13:55:46,068 | INFO     | [OK] Created augmented video pain_022_02_aug_01.avi (blur=18.9, exp=115.8, mp_rate=100.0%)
2026-07-19 13:55:48,031 | INFO     | [REJECT] Rejected augmented video pain_022_02_aug_03.avi: Excessive blur (laplacian var 5.8 < limit 15.0)
2026-07-19 13:55:51,474 | INFO     | [OK] Created augmented video pain_018_01_aug_03.avi (blur=1063.1, exp=101.0, mp_rate=100.0%)
2026-07-19 13:55:53,514 | INFO     | [OK] Created augmented video pain_020_01_aug_02.avi (blur=424.9, exp=87.7, mp_rate=100.0%)
2026-07-19 13:56:01,327 | INFO     | [OK] Created augmented video pain_023_01_aug_03.avi (blur=29.4, exp=110.1, mp_rate=100.0%)
2026-07-19 13:56:08,731 | INFO     | [OK] Created augmented video pain_023_02_aug_01.avi (blur=29.9, exp=97.4, mp_rate=100.0%)
2026-07-19 13:56:09,235 | INFO     | [REJECT] Rejected augmented video pain_023_02_aug_03.avi: Hand detection rate 12.0% below threshold 80.0%
2026-07-19 13:56:09,675 | INFO     | [OK] Created augmented video pain_023_02_aug_02.avi (blur=27.8, exp=119.7, mp_rate=100.0%)
2026-07-19 13:56:13,092 | INFO     | [OK] Created augmented video pain_024_01_aug_01.avi (blur=21.0, exp=97.2, mp_rate=100.0%)
2026-07-19 13:56:16,322 | INFO     | [REJECT] Rejected augmented video pain_024_01_aug_02.avi: Excessive blur (laplacian var 9.0 < limit 15.0)
2026-07-19 13:56:24,161 | INFO     | [REJECT] Rejected augmented video pain_024_02_aug_02.avi: Excessive blur (laplacian var 5.3 < limit 15.0)
2026-07-19 13:56:24,547 | INFO     | [OK] Created augmented video pain_024_02_aug_03.avi (blur=15.8, exp=100.0, mp_rate=100.0%)
2026-07-19 13:56:29,061 | INFO     | [OK] Created augmented video pain_025_01_aug_01.avi (blur=20.9, exp=135.1, mp_rate=100.0%)
2026-07-19 13:56:32,107 | INFO     | [OK] Created augmented video pain_023_01_aug_01.avi (blur=115.6, exp=102.8, mp_rate=100.0%)
2026-07-19 13:56:41,489 | INFO     | [OK] Created augmented video pain_025_01_aug_03.avi (blur=117.1, exp=158.2, mp_rate=100.0%)
2026-07-19 13:56:42,212 | INFO     | [OK] Created augmented video pain_022_01_aug_02.avi (blur=780.4, exp=100.1, mp_rate=100.0%)
2026-07-19 13:56:43,471 | INFO     | [OK] Created augmented video pain_025_02_aug_01.avi (blur=19.9, exp=122.0, mp_rate=100.0%)
2026-07-19 13:56:46,571 | INFO     | [OK] Created augmented video pain_025_02_aug_02.avi (blur=71.3, exp=119.9, mp_rate=100.0%)
2026-07-19 13:56:50,272 | INFO     | [REJECT] Rejected augmented video pain_025_02_aug_03.avi: Excessive blur (laplacian var 9.6 < limit 15.0)
2026-07-19 13:56:55,786 | INFO     | [OK] Created augmented video pain_022_01_aug_03.avi (blur=200.4, exp=141.0, mp_rate=100.0%)
2026-07-19 13:57:02,077 | INFO     | [REJECT] Rejected augmented video pain_026_01_aug_02.avi: Excessive blur (laplacian var 11.6 < limit 15.0)
2026-07-19 13:57:02,960 | INFO     | [OK] Created augmented video pain_026_01_aug_01.avi (blur=15.6, exp=126.5, mp_rate=100.0%)
2026-07-19 13:57:03,962 | INFO     | [REJECT] Rejected augmented video pain_026_01_aug_03.avi: Excessive blur (laplacian var 11.0 < limit 15.0)
2026-07-19 13:57:08,527 | INFO     | [OK] Created augmented video pain_026_02_aug_02.avi (blur=67.0, exp=131.3, mp_rate=100.0%)
2026-07-19 13:57:09,699 | INFO     | [REJECT] Rejected augmented video pain_026_02_aug_03.avi: Excessive blur (laplacian var 3.6 < limit 15.0)
2026-07-19 13:57:09,767 | INFO     | [OK] Created augmented video pain_025_01_aug_02.avi (blur=398.9, exp=126.0, mp_rate=100.0%)
2026-07-19 13:57:14,744 | INFO     | [OK] Created augmented video pain_024_01_aug_03.avi (blur=1053.5, exp=95.4, mp_rate=100.0%)
2026-07-19 13:57:20,702 | INFO     | [OK] Created augmented video pain_024_02_aug_01.avi (blur=2054.1, exp=97.0, mp_rate=100.0%)
2026-07-19 13:57:25,065 | INFO     | [OK] Created augmented video pain_023_01_aug_02.avi (blur=3334.0, exp=65.9, mp_rate=100.0%)
2026-07-19 13:57:29,461 | INFO     | [OK] Created augmented video pain_026_02_aug_01.avi (blur=3175.1, exp=116.3, mp_rate=100.0%)
2026-07-19 13:57:29,501 | INFO     | Batch processing finished in 73327.0 seconds.
2026-07-19 13:57:30,430 | INFO     | Summary report generated successfully at: C:\Users\kamle\OneDrive\Desktop\MediSign-AI\DATASET_SUMMARY.md
